time,load_shortfall_3h
2018-01-01 00:00:00,8158.3257
2018-01-01 03:00:00,8146.8794
2018-01-01 06:00:00,4873.095
2018-01-01 09:00:00,2616.5164
2018-01-01 12:00:00,5542.7676
2018-01-01 15:00:00,7956.572
2018-01-01 18:00:00,8430.223
2018-01-01 21:00:00,7245.415
2018-01-02 00:00:00,7630.6084
2018-01-02 03:00:00,8767.406
2018-01-02 06:00:00,2780.5046
2018-01-02 09:00:00,-1384.7117
2018-01-02 12:00:00,5914.5645
2018-01-02 15:00:00,9488.855
2018-01-02 18:00:00,9561.975
2018-01-02 21:00:00,9410.341
2018-01-03 00:00:00,9057.129
2018-01-03 03:00:00,11294.254
2018-01-03 06:00:00,4596.0493
2018-01-03 09:00:00,3394.9622
2018-01-03 12:00:00,4438.0825
2018-01-03 15:00:00,6124.6025
2018-01-03 18:00:00,6691.0703
2018-01-03 21:00:00,5918.563
2018-01-04 00:00:00,7172.079
2018-01-04 03:00:00,9530.031
2018-01-04 06:00:00,4369.3086
2018-01-04 09:00:00,2254.3909
2018-01-04 12:00:00,3232.197
2018-01-04 15:00:00,6385.536
2018-01-04 18:00:00,4102.27
2018-01-04 21:00:00,3158.6
2018-01-05 00:00:00,4889.4727
2018-01-05 03:00:00,4547.999
2018-01-05 06:00:00,1448.4716
2018-01-05 09:00:00,1383.0668
2018-01-05 12:00:00,1453.4989
2018-01-05 15:00:00,2889.3008
2018-01-05 18:00:00,5270.7886
2018-01-05 21:00:00,5790.543
2018-01-06 00:00:00,9127.617
2018-01-06 03:00:00,7925.6084
2018-01-06 06:00:00,7933.388
2018-01-06 09:00:00,7068.4746
2018-01-06 12:00:00,7754.308
2018-01-06 15:00:00,8693.763
2018-01-06 18:00:00,9811.468
2018-01-06 21:00:00,12850.068
2018-01-07 00:00:00,11152.509
2018-01-07 03:00:00,11591.232
2018-01-07 06:00:00,7691.965
2018-01-07 09:00:00,6683.6797
2018-01-07 12:00:00,11949.469
2018-01-07 15:00:00,12671.543
2018-01-07 18:00:00,13631.27
2018-01-07 21:00:00,15237.839
2018-01-08 00:00:00,12655.337
2018-01-08 03:00:00,12244.684
2018-01-08 06:00:00,9562.183
2018-01-08 09:00:00,8176.1904
2018-01-08 12:00:00,12677.634
2018-01-08 15:00:00,14011.255
2018-01-08 18:00:00,14286.241
2018-01-08 21:00:00,15229.145
2018-01-09 00:00:00,12683.4795
2018-01-09 03:00:00,11364.877
2018-01-09 06:00:00,8532.673
2018-01-09 09:00:00,9085.067
2018-01-09 12:00:00,13818.162
2018-01-09 15:00:00,13896.179
2018-01-09 18:00:00,15428.164
2018-01-09 21:00:00,14747.212
2018-01-10 00:00:00,16926.459
2018-01-10 03:00:00,15677.553
2018-01-10 06:00:00,8000.6924
2018-01-10 09:00:00,9629.097
2018-01-10 12:00:00,11326.928
2018-01-10 15:00:00,12533.386
2018-01-10 18:00:00,11920.926
2018-01-10 21:00:00,10769.732
2018-01-11 00:00:00,10894.0625
2018-01-11 03:00:00,9521.659
2018-01-11 06:00:00,7939.06
2018-01-11 09:00:00,6056.5024
2018-01-11 12:00:00,10593.117
2018-01-11 15:00:00,9315.418
2018-01-11 18:00:00,12786.172
2018-01-11 21:00:00,13654.02
2018-01-12 00:00:00,13374.959
2018-01-12 03:00:00,13915.304
2018-01-12 06:00:00,11084.248
2018-01-12 09:00:00,6515.562
2018-01-12 12:00:00,13259.826
2018-01-12 15:00:00,18793.15
2018-01-12 18:00:00,19422.865
2018-01-12 21:00:00,19894.307
2018-01-13 00:00:00,16810.52
2018-01-13 03:00:00,15274.088
2018-01-13 06:00:00,5952.206
2018-01-13 09:00:00,4011.4963
2018-01-13 12:00:00,9505.024
2018-01-13 15:00:00,14840.128
2018-01-13 18:00:00,15699.249
2018-01-13 21:00:00,11172.661
2018-01-14 00:00:00,13046.49
2018-01-14 03:00:00,8992.381
2018-01-14 06:00:00,1720.1102
2018-01-14 09:00:00,-593.9962
2018-01-14 12:00:00,5774.2227
2018-01-14 15:00:00,7639.6323
2018-01-14 18:00:00,14328.173
2018-01-14 21:00:00,14144.996
2018-01-15 00:00:00,11647.431
2018-01-15 03:00:00,10801.498
2018-01-15 06:00:00,7527.476
2018-01-15 09:00:00,4879.971
2018-01-15 12:00:00,7917.6016
2018-01-15 15:00:00,8278.588
2018-01-15 18:00:00,9452.249
2018-01-15 21:00:00,10489.515
2018-01-16 00:00:00,11338.845
2018-01-16 03:00:00,10069.778
2018-01-16 06:00:00,3813.4678
2018-01-16 09:00:00,3111.3044
2018-01-16 12:00:00,8412.696
2018-01-16 15:00:00,10016.098
2018-01-16 18:00:00,11661.657
2018-01-16 21:00:00,9393.739
2018-01-17 00:00:00,10310.704
2018-01-17 03:00:00,7863.903
2018-01-17 06:00:00,2775.1338
2018-01-17 09:00:00,4845.54
2018-01-17 12:00:00,8343.146
2018-01-17 15:00:00,7179.3477
2018-01-17 18:00:00,8552.507
2018-01-17 21:00:00,9564.56
2018-01-18 00:00:00,11591.098
2018-01-18 03:00:00,9268.605
2018-01-18 06:00:00,4260.552
2018-01-18 09:00:00,3345.535
2018-01-18 12:00:00,8141.631
2018-01-18 15:00:00,11162.688
2018-01-18 18:00:00,10005.535
2018-01-18 21:00:00,12559.69
2018-01-19 00:00:00,12095.025
2018-01-19 03:00:00,12086.001
2018-01-19 06:00:00,7782.255
2018-01-19 09:00:00,6338.0566
2018-01-19 12:00:00,9267.934
2018-01-19 15:00:00,10764.586
2018-01-19 18:00:00,11040.633
2018-01-19 21:00:00,11858.809
2018-01-20 00:00:00,10871.1875
2018-01-20 03:00:00,12817.46
2018-01-20 06:00:00,6232.4106
2018-01-20 09:00:00,3329.814
2018-01-20 12:00:00,6763.1426
2018-01-20 15:00:00,8602.658
2018-01-20 18:00:00,10800.375
2018-01-20 21:00:00,9101.393
2018-01-21 00:00:00,10001.323
2018-01-21 03:00:00,9644.768
2018-01-21 06:00:00,4893.297
2018-01-21 09:00:00,2598.7576
2018-01-21 12:00:00,6268.662
2018-01-21 15:00:00,10354.605
2018-01-21 18:00:00,10175.724
2018-01-21 21:00:00,11095.412
2018-01-22 00:00:00,11593.733
2018-01-22 03:00:00,11355.014
2018-01-22 06:00:00,7261.42
2018-01-22 09:00:00,3707.768
2018-01-22 12:00:00,7943.6636
2018-01-22 15:00:00,8689.351
2018-01-22 18:00:00,8880.599
2018-01-22 21:00:00,11273.717
2018-01-23 00:00:00,10401.663
2018-01-23 03:00:00,10867.031
2018-01-23 06:00:00,7644.1567
2018-01-23 09:00:00,5622.2085
2018-01-23 12:00:00,9247.2
2018-01-23 15:00:00,8767.938
2018-01-23 18:00:00,10113.159
2018-01-23 21:00:00,12195.558
2018-01-24 00:00:00,11300.721
2018-01-24 03:00:00,12683.394
2018-01-24 06:00:00,3870.2
2018-01-24 09:00:00,5565.2476
2018-01-24 12:00:00,8766.764
2018-01-24 15:00:00,11656.91
2018-01-24 18:00:00,10550.614
2018-01-24 21:00:00,13769.937
2018-01-25 00:00:00,11345.442
2018-01-25 03:00:00,12688.325
2018-01-25 06:00:00,7476.7993
2018-01-25 09:00:00,6504.531
2018-01-25 12:00:00,8903.275
2018-01-25 15:00:00,12067.184
2018-01-25 18:00:00,10220.248
2018-01-25 21:00:00,10165.013
2018-01-26 00:00:00,5052.962
2018-01-26 03:00:00,5784.688
2018-01-26 06:00:00,-168.82208
2018-01-26 09:00:00,-1280.2312
2018-01-26 12:00:00,4552.765
2018-01-26 15:00:00,1856.6727
2018-01-26 18:00:00,7232.4624
2018-01-26 21:00:00,7361.6055
2018-01-27 00:00:00,5253.1045
2018-01-27 03:00:00,6704.326
2018-01-27 06:00:00,2523.8994
2018-01-27 09:00:00,1469.8915
2018-01-27 12:00:00,4984.585
2018-01-27 15:00:00,8328.096
2018-01-27 18:00:00,8355.021
2018-01-27 21:00:00,9847.342
2018-01-28 00:00:00,10488.8125
2018-01-28 03:00:00,11163.816
2018-01-28 06:00:00,2691.2085
2018-01-28 09:00:00,1830.9481
2018-01-28 12:00:00,4675.234
2018-01-28 15:00:00,6327.5967
2018-01-28 18:00:00,9231.894
2018-01-28 21:00:00,10210.884
2018-01-29 00:00:00,11597.801
2018-01-29 03:00:00,10189.273
2018-01-29 06:00:00,5993.871
2018-01-29 09:00:00,4696.7554
2018-01-29 12:00:00,8974.09
2018-01-29 15:00:00,7954.5425
2018-01-29 18:00:00,9026.428
2018-01-29 21:00:00,9970.727
2018-01-30 00:00:00,11130.869
2018-01-30 03:00:00,11374.568
2018-01-30 06:00:00,7343.947
2018-01-30 09:00:00,5451.0854
2018-01-30 12:00:00,8563.023
2018-01-30 15:00:00,9136.193
2018-01-30 18:00:00,8675.442
2018-01-30 21:00:00,10529.492
2018-01-31 00:00:00,10007.12
2018-01-31 03:00:00,9541.002
2018-01-31 06:00:00,6241.392
2018-01-31 09:00:00,4250.1104
2018-01-31 12:00:00,8561.224
2018-01-31 15:00:00,8845.792
2018-01-31 18:00:00,8394.632
2018-01-31 21:00:00,10267.129
2018-02-01 00:00:00,13249.114
2018-02-01 03:00:00,8617.414
2018-02-01 06:00:00,3590.653
2018-02-01 09:00:00,502.16553
2018-02-01 12:00:00,5752.2847
2018-02-01 15:00:00,5937.054
2018-02-01 18:00:00,9229.624
2018-02-01 21:00:00,7239.546
2018-02-02 00:00:00,7145.066
2018-02-02 03:00:00,8511.879
2018-02-02 06:00:00,161.82335
2018-02-02 09:00:00,-577.0766
2018-02-02 12:00:00,5324.869
2018-02-02 15:00:00,6957.741
2018-02-02 18:00:00,6409.5366
2018-02-02 21:00:00,4761.449
2018-02-03 00:00:00,3547.4375
2018-02-03 03:00:00,3350.5032
2018-02-03 06:00:00,-723.1878
2018-02-03 09:00:00,-3406.5645
2018-02-03 12:00:00,3555.575
2018-02-03 15:00:00,3461.1514
2018-02-03 18:00:00,3838.8098
2018-02-03 21:00:00,169.257
2018-02-04 00:00:00,2676.1904
2018-02-04 03:00:00,2552.4788
2018-02-04 06:00:00,1176.2672
2018-02-04 09:00:00,-90.11286
2018-02-04 12:00:00,4424.795
2018-02-04 15:00:00,5742.2505
2018-02-04 18:00:00,6300.4116
2018-02-04 21:00:00,6554.7173
2018-02-05 00:00:00,5182.0464
2018-02-05 03:00:00,3839.0452
2018-02-05 06:00:00,3509.085
2018-02-05 09:00:00,2388.692
2018-02-05 12:00:00,5557.8853
2018-02-05 15:00:00,5733.592
2018-02-05 18:00:00,6383.403
2018-02-05 21:00:00,5406.2246
2018-02-06 00:00:00,8972.702
2018-02-06 03:00:00,8216.41
2018-02-06 06:00:00,6375.019
2018-02-06 09:00:00,4113.3633
2018-02-06 12:00:00,9252.418
2018-02-06 15:00:00,10020.412
2018-02-06 18:00:00,10772.506
2018-02-06 21:00:00,9704.175
2018-02-07 00:00:00,10636.199
2018-02-07 03:00:00,11326.5625
2018-02-07 06:00:00,7947.2354
2018-02-07 09:00:00,5286.5996
2018-02-07 12:00:00,9800.283
2018-02-07 15:00:00,9322.798
2018-02-07 18:00:00,9109.953
2018-02-07 21:00:00,7767.199
2018-02-08 00:00:00,12643.231
2018-02-08 03:00:00,12519.188
2018-02-08 06:00:00,10038.736
2018-02-08 09:00:00,8108.172
2018-02-08 12:00:00,11891.4795
2018-02-08 15:00:00,13234.799
2018-02-08 18:00:00,12949.987
2018-02-08 21:00:00,13492.0205
2018-02-09 00:00:00,14065.121
2018-02-09 03:00:00,14637.92
2018-02-09 06:00:00,10632.587
2018-02-09 09:00:00,8234.77
2018-02-09 12:00:00,11468.92
2018-02-09 15:00:00,12866.188
2018-02-09 18:00:00,14110.144
2018-02-09 21:00:00,14579.58
2018-02-10 00:00:00,13175.666
2018-02-10 03:00:00,12381.151
2018-02-10 06:00:00,10210.122
2018-02-10 09:00:00,7447.827
2018-02-10 12:00:00,11654.993
2018-02-10 15:00:00,8703.828
2018-02-10 18:00:00,9661.324
2018-02-10 21:00:00,11962.121
2018-02-11 00:00:00,12248.724
2018-02-11 03:00:00,13487.846
2018-02-11 06:00:00,9999.896
2018-02-11 09:00:00,6268.049
2018-02-11 12:00:00,10632.687
2018-02-11 15:00:00,10485.154
2018-02-11 18:00:00,10411.289
2018-02-11 21:00:00,9677.155
2018-02-12 00:00:00,12399.901
2018-02-12 03:00:00,12085.224
2018-02-12 06:00:00,6411.1387
2018-02-12 09:00:00,5973.79
2018-02-12 12:00:00,14254.516
2018-02-12 15:00:00,14961.756
2018-02-12 18:00:00,13853.816
2018-02-12 21:00:00,16748.355
2018-02-13 00:00:00,15472.597
2018-02-13 03:00:00,14124.459
2018-02-13 06:00:00,8075.395
2018-02-13 09:00:00,2174.8513
2018-02-13 12:00:00,4234.0107
2018-02-13 15:00:00,3665.008
2018-02-13 18:00:00,3602.5437
2018-02-13 21:00:00,3145.5295
2018-02-14 00:00:00,6545.84
2018-02-14 03:00:00,5929.0874
2018-02-14 06:00:00,5122.172
2018-02-14 09:00:00,467.8516
2018-02-14 12:00:00,5359.7256
2018-02-14 15:00:00,8721.036
2018-02-14 18:00:00,9936.176
2018-02-14 21:00:00,11199.051
2018-02-15 00:00:00,12264.199
2018-02-15 03:00:00,13723.402
2018-02-15 06:00:00,7397.679
2018-02-15 09:00:00,4918.992
2018-02-15 12:00:00,11065.92
2018-02-15 15:00:00,13798.337
2018-02-15 18:00:00,13315.335
2018-02-15 21:00:00,15393.433
2018-02-16 00:00:00,13096.546
2018-02-16 03:00:00,12621.828
2018-02-16 06:00:00,8674.6875
2018-02-16 09:00:00,7497.4844
2018-02-16 12:00:00,11305.563
2018-02-16 15:00:00,12064.451
2018-02-16 18:00:00,11255.819
2018-02-16 21:00:00,12862.529
2018-02-17 00:00:00,13152.033
2018-02-17 03:00:00,12281.09
2018-02-17 06:00:00,7330.5923
2018-02-17 09:00:00,7934.5225
2018-02-17 12:00:00,12576.983
2018-02-17 15:00:00,10394.793
2018-02-17 18:00:00,10461.8955
2018-02-17 21:00:00,12687.053
2018-02-18 00:00:00,11905.328
2018-02-18 03:00:00,11306.1455
2018-02-18 06:00:00,7566.936
2018-02-18 09:00:00,4943.4824
2018-02-18 12:00:00,11715.953
2018-02-18 15:00:00,11493.842
2018-02-18 18:00:00,10965.768
2018-02-18 21:00:00,11579.702
2018-02-19 00:00:00,12569.831
2018-02-19 03:00:00,13373.726
2018-02-19 06:00:00,6021.679
2018-02-19 09:00:00,5179.148
2018-02-19 12:00:00,7523.8613
2018-02-19 15:00:00,9967.443
2018-02-19 18:00:00,6207.8267
2018-02-19 21:00:00,5265.9033
2018-02-20 00:00:00,5929.8267
2018-02-20 03:00:00,7012.3047
2018-02-20 06:00:00,-432.00272
2018-02-20 09:00:00,-846.381
2018-02-20 12:00:00,4719.598
2018-02-20 15:00:00,3682.8982
2018-02-20 18:00:00,2397.863
2018-02-20 21:00:00,788.87823
2018-02-21 00:00:00,4197.313
2018-02-21 03:00:00,4396.0625
2018-02-21 06:00:00,525.0157
2018-02-21 09:00:00,-1581.6549
2018-02-21 12:00:00,3142.234
2018-02-21 15:00:00,2665.9463
2018-02-21 18:00:00,4913.821
2018-02-21 21:00:00,9301.903
2018-02-22 00:00:00,9027.226
2018-02-22 03:00:00,9035.292
2018-02-22 06:00:00,3794.346
2018-02-22 09:00:00,1836.1122
2018-02-22 12:00:00,8215.383
2018-02-22 15:00:00,6087.23
2018-02-22 18:00:00,5350.44
2018-02-22 21:00:00,10054.073
2018-02-23 00:00:00,8294.519
2018-02-23 03:00:00,7483.6753
2018-02-23 06:00:00,4307.621
2018-02-23 09:00:00,2927.2256
2018-02-23 12:00:00,7231.775
2018-02-23 15:00:00,7273.5435
2018-02-23 18:00:00,7111.089
2018-02-23 21:00:00,11806.549
2018-02-24 00:00:00,8923.767
2018-02-24 03:00:00,10255.968
2018-02-24 06:00:00,6149.9536
2018-02-24 09:00:00,4479.997
2018-02-24 12:00:00,7920.3057
2018-02-24 15:00:00,8432.653
2018-02-24 18:00:00,7178.759
2018-02-24 21:00:00,11483.171
2018-02-25 00:00:00,8527.554
2018-02-25 03:00:00,10077.859
2018-02-25 06:00:00,5722.9023
2018-02-25 09:00:00,4925.163
2018-02-25 12:00:00,8696.644
2018-02-25 15:00:00,5351.358
2018-02-25 18:00:00,7927.3545
2018-02-25 21:00:00,10495.922
2018-02-26 00:00:00,10064.667
2018-02-26 03:00:00,9641.055
2018-02-26 06:00:00,4196.851
2018-02-26 09:00:00,1066.1976
2018-02-26 12:00:00,6520.978
2018-02-26 15:00:00,7348.9077
2018-02-26 18:00:00,9062.871
2018-02-26 21:00:00,10551.335
2018-02-27 00:00:00,9352.566
2018-02-27 03:00:00,8882.863
2018-02-27 06:00:00,5773.935
2018-02-27 09:00:00,3103.7556
2018-02-27 12:00:00,8984.493
2018-02-27 15:00:00,11470.772
2018-02-27 18:00:00,12326.786
2018-02-27 21:00:00,13819.922
2018-02-28 00:00:00,6950.6323
2018-02-28 03:00:00,10190.415
2018-02-28 06:00:00,4166.1387
2018-02-28 09:00:00,2636.665
2018-02-28 12:00:00,6661.2856
2018-02-28 15:00:00,9700.919
2018-02-28 18:00:00,6990.0664
2018-02-28 21:00:00,6882.4272
2018-03-01 00:00:00,8965.175
2018-03-01 03:00:00,10369.879
2018-03-01 06:00:00,5744.2275
2018-03-01 09:00:00,3633.3071
2018-03-01 12:00:00,6092.26
2018-03-01 15:00:00,9794.449
2018-03-01 18:00:00,10172.842
2018-03-01 21:00:00,8072.1006
2018-03-02 00:00:00,5784.7397
2018-03-02 03:00:00,6691.08
2018-03-02 06:00:00,3250.42
2018-03-02 09:00:00,2580.3914
2018-03-02 12:00:00,7344.2144
2018-03-02 15:00:00,11079.796
2018-03-02 18:00:00,8494.245
2018-03-02 21:00:00,10481.41
2018-03-03 00:00:00,5371.8994
2018-03-03 03:00:00,9524.848
2018-03-03 06:00:00,3615.2056
2018-03-03 09:00:00,2891.375
2018-03-03 12:00:00,2958.115
2018-03-03 15:00:00,3060.9595
2018-03-03 18:00:00,4604.2812
2018-03-03 21:00:00,7290.6646
2018-03-04 00:00:00,6075.118
2018-03-04 03:00:00,7245.2725
2018-03-04 06:00:00,4818.672
2018-03-04 09:00:00,-605.2181
2018-03-04 12:00:00,2921.952
2018-03-04 15:00:00,2399.2656
2018-03-04 18:00:00,2153.2224
2018-03-04 21:00:00,2093.554
2018-03-05 00:00:00,6671.0093
2018-03-05 03:00:00,6059.231
2018-03-05 06:00:00,186.4138
2018-03-05 09:00:00,377.22308
2018-03-05 12:00:00,4326.79
2018-03-05 15:00:00,3618.0608
2018-03-05 18:00:00,5063.025
2018-03-05 21:00:00,3061.5205
2018-03-06 00:00:00,9089.075
2018-03-06 03:00:00,6810.61
2018-03-06 06:00:00,7578.221
2018-03-06 09:00:00,4827.8
2018-03-06 12:00:00,8548.185
2018-03-06 15:00:00,8914.087
2018-03-06 18:00:00,10936.981
2018-03-06 21:00:00,9355.6455
2018-03-07 00:00:00,10393.603
2018-03-07 03:00:00,10884.98
2018-03-07 06:00:00,7637.9697
2018-03-07 09:00:00,7805.2007
2018-03-07 12:00:00,11306.078
2018-03-07 15:00:00,9931.914
2018-03-07 18:00:00,9789.428
2018-03-07 21:00:00,12166.28
2018-03-08 00:00:00,11728.324
2018-03-08 03:00:00,13714.353
2018-03-08 06:00:00,8329.249
2018-03-08 09:00:00,6299.023
2018-03-08 12:00:00,11161.439
2018-03-08 15:00:00,10930.568
2018-03-08 18:00:00,13250.418
2018-03-08 21:00:00,13355.886
2018-03-09 00:00:00,12640.612
2018-03-09 03:00:00,13742.442
2018-03-09 06:00:00,8068.0894
2018-03-09 09:00:00,7448.1543
2018-03-09 12:00:00,9605.691
2018-03-09 15:00:00,9445.121
2018-03-09 18:00:00,11846.613
2018-03-09 21:00:00,12294.241
2018-03-10 00:00:00,11301.593
2018-03-10 03:00:00,12271.728
2018-03-10 06:00:00,8432.263
2018-03-10 09:00:00,5773.8477
2018-03-10 12:00:00,8652.299
2018-03-10 15:00:00,10816.317
2018-03-10 18:00:00,12153.094
2018-03-10 21:00:00,11281.541
2018-03-11 00:00:00,12009.015
2018-03-11 03:00:00,11361.731
2018-03-11 06:00:00,7594.378
2018-03-11 09:00:00,4694.408
2018-03-11 12:00:00,7861.705
2018-03-11 15:00:00,9940.71
2018-03-11 18:00:00,10407.824
2018-03-11 21:00:00,9553.516
2018-03-12 00:00:00,11126.343
2018-03-12 03:00:00,12448.191
2018-03-12 06:00:00,8811.104
2018-03-12 09:00:00,6778.697
2018-03-12 12:00:00,11554.147
2018-03-12 15:00:00,11833.329
2018-03-12 18:00:00,12917.751
2018-03-12 21:00:00,13573.01
2018-03-13 00:00:00,8705.633
2018-03-13 03:00:00,11637.014
2018-03-13 06:00:00,3379.3057
2018-03-13 09:00:00,4270.734
2018-03-13 12:00:00,2473.5771
2018-03-13 15:00:00,2233.9666
2018-03-13 18:00:00,2020.4097
2018-03-13 21:00:00,7729.8784
2018-03-14 00:00:00,7238.915
2018-03-14 03:00:00,7380.6323
2018-03-14 06:00:00,4343.437
2018-03-14 09:00:00,-706.7159
2018-03-14 12:00:00,932.27625
2018-03-14 15:00:00,397.1205
2018-03-14 18:00:00,4595.816
2018-03-14 21:00:00,3958.4456
2018-03-15 00:00:00,4665.923
2018-03-15 03:00:00,3350.9956
2018-03-15 06:00:00,1697.5913
2018-03-15 09:00:00,-1710.5377
2018-03-15 12:00:00,-1204.7494
2018-03-15 15:00:00,-274.4756
2018-03-15 18:00:00,48.137386
2018-03-15 21:00:00,1783.7242
2018-03-16 00:00:00,3680.2253
2018-03-16 03:00:00,7307.0713
2018-03-16 06:00:00,707.08795
2018-03-16 09:00:00,-1045.9689
2018-03-16 12:00:00,1005.3549
2018-03-16 15:00:00,-705.55206
2018-03-16 18:00:00,576.7523
2018-03-16 21:00:00,2902.7964
2018-03-17 00:00:00,6056.425
2018-03-17 03:00:00,3145.4897
2018-03-17 06:00:00,382.6868
2018-03-17 09:00:00,1387.7219
2018-03-17 12:00:00,4241.8213
2018-03-17 15:00:00,2942.6855
2018-03-17 18:00:00,2056.4993
2018-03-17 21:00:00,5306.3193
2018-03-18 00:00:00,5618.039
2018-03-18 03:00:00,5449.049
2018-03-18 06:00:00,772.5158
2018-03-18 09:00:00,-917.67523
2018-03-18 12:00:00,1294.6826
2018-03-18 15:00:00,993.17126
2018-03-18 18:00:00,248.95062
2018-03-18 21:00:00,1405.5251
2018-03-19 00:00:00,3228.5723
2018-03-19 03:00:00,3893.5305
2018-03-19 06:00:00,836.9664
2018-03-19 09:00:00,-2456.7073
2018-03-19 12:00:00,785.7894
2018-03-19 15:00:00,3580.1584
2018-03-19 18:00:00,4287.954
2018-03-19 21:00:00,2134.329
2018-03-20 00:00:00,711.76495
2018-03-20 03:00:00,4799.933
2018-03-20 06:00:00,-775.99945
2018-03-20 09:00:00,-3531.958
2018-03-20 12:00:00,1651.1398
2018-03-20 15:00:00,1299.9742
2018-03-20 18:00:00,1419.3745
2018-03-20 21:00:00,90.72727
2018-03-21 00:00:00,2615.1072
2018-03-21 03:00:00,3269.0073
2018-03-21 06:00:00,3422.8596
2018-03-21 09:00:00,3424.612
2018-03-21 12:00:00,5485.115
2018-03-21 15:00:00,3501.1882
2018-03-21 18:00:00,6962.774
2018-03-21 21:00:00,4301.5513
2018-03-22 00:00:00,5897.747
2018-03-22 03:00:00,7916.779
2018-03-22 06:00:00,5570.3184
2018-03-22 09:00:00,4060.035
2018-03-22 12:00:00,8527.043
2018-03-22 15:00:00,2237.049
2018-03-22 18:00:00,1163.4133
2018-03-22 21:00:00,4429.537
2018-03-23 00:00:00,5149.2383
2018-03-23 03:00:00,6914.7505
2018-03-23 06:00:00,2924.7268
2018-03-23 09:00:00,-1089.0549
2018-03-23 12:00:00,-383.40475
2018-03-23 15:00:00,1987.4545
2018-03-23 18:00:00,3016.5015
2018-03-23 21:00:00,3212.5012
2018-03-24 00:00:00,3757.1997
2018-03-24 03:00:00,4472.8984
2018-03-24 06:00:00,-1033.3107
2018-03-24 09:00:00,-3365.6814
2018-03-24 12:00:00,-613.2132
2018-03-24 15:00:00,905.1326
2018-03-24 18:00:00,41.4391
2018-03-24 21:00:00,-1397.2412
2018-03-25 00:00:00,1202.7164
2018-03-25 03:00:00,1820.4786
2018-03-25 06:00:00,-1114.3163
2018-03-25 09:00:00,-1968.1053
2018-03-25 12:00:00,3070.135
2018-03-25 15:00:00,5213.552
2018-03-25 18:00:00,4497.256
2018-03-25 21:00:00,2072.914
2018-03-26 00:00:00,5956.7466
2018-03-26 03:00:00,6677.747
2018-03-26 06:00:00,-971.1713
2018-03-26 09:00:00,774.0715
2018-03-26 12:00:00,5412.3306
2018-03-26 15:00:00,5162.8857
2018-03-26 18:00:00,5034.8447
2018-03-26 21:00:00,6298.2837
2018-03-27 00:00:00,8217.975
2018-03-27 03:00:00,9659.107
2018-03-27 06:00:00,2705.4602
2018-03-27 09:00:00,1336.4261
2018-03-27 12:00:00,8028.493
2018-03-27 15:00:00,8417.943
2018-03-27 18:00:00,5777.4873
2018-03-27 21:00:00,7807.9023
2018-03-28 00:00:00,10090.979
2018-03-28 03:00:00,10292.784
2018-03-28 06:00:00,7155.5176
2018-03-28 09:00:00,6077.7344
2018-03-28 12:00:00,8365.213
2018-03-28 15:00:00,2071.642
2018-03-28 18:00:00,866.0104
2018-03-28 21:00:00,371.27493
2018-03-29 00:00:00,1898.4686
2018-03-29 03:00:00,4575.8633
2018-03-29 06:00:00,260.353
2018-03-29 09:00:00,-399.23163
2018-03-29 12:00:00,2822.9897
2018-03-29 15:00:00,1379.9211
2018-03-29 18:00:00,190.94019
2018-03-29 21:00:00,3201.905
2018-03-30 00:00:00,3369.0627
2018-03-30 03:00:00,2570.865
2018-03-30 06:00:00,42.723034
2018-03-30 09:00:00,-1209.8867
2018-03-30 12:00:00,-535.297
2018-03-30 15:00:00,-264.35507
2018-03-30 18:00:00,176.92422
2018-03-30 21:00:00,-282.93475
2018-03-31 00:00:00,2518.5518
2018-03-31 03:00:00,2810.0422
2018-03-31 06:00:00,-1128.6616
2018-03-31 09:00:00,-3696.6511
2018-03-31 12:00:00,-303.76218
2018-03-31 15:00:00,-1168.7981
2018-03-31 18:00:00,-896.58734
2018-03-31 21:00:00,1681.4056
2018-04-01 00:00:00,7426.505
2018-04-01 03:00:00,12665.516
2018-04-01 06:00:00,6734.006
2018-04-01 09:00:00,4951.429
2018-04-01 12:00:00,5457.134
2018-04-01 15:00:00,9999.585
2018-04-01 18:00:00,7685.47
2018-04-01 21:00:00,7786.291
2018-04-02 00:00:00,9625.502
2018-04-02 03:00:00,8830.104
2018-04-02 06:00:00,2147.1606
2018-04-02 09:00:00,3366.6975
2018-04-02 12:00:00,3561.9998
2018-04-02 15:00:00,5496.704
2018-04-02 18:00:00,5794.9995
2018-04-02 21:00:00,8016.9453
2018-04-03 00:00:00,6789.2656
2018-04-03 03:00:00,8160.221
2018-04-03 06:00:00,149.85828
2018-04-03 09:00:00,-259.16086
2018-04-03 12:00:00,399.84326
2018-04-03 15:00:00,9.815381
2018-04-03 18:00:00,763.82245
2018-04-03 21:00:00,2486.5095
2018-04-04 00:00:00,3412.6997
2018-04-04 03:00:00,4810.042
2018-04-04 06:00:00,1059.8787
2018-04-04 09:00:00,656.12585
2018-04-04 12:00:00,3971.7856
2018-04-04 15:00:00,3093.3945
2018-04-04 18:00:00,2700.356
2018-04-04 21:00:00,1187.7617
2018-04-05 00:00:00,4878.0103
2018-04-05 03:00:00,10136.417
2018-04-05 06:00:00,7632.5674
2018-04-05 09:00:00,6185.569
2018-04-05 12:00:00,8206.416
2018-04-05 15:00:00,10043.185
2018-04-05 18:00:00,9558.042
2018-04-05 21:00:00,8327.457
2018-04-06 00:00:00,9618.974
2018-04-06 03:00:00,7778.7705
2018-04-06 06:00:00,7832.0547
2018-04-06 09:00:00,5891.9995
2018-04-06 12:00:00,9079.29
2018-04-06 15:00:00,10673.664
2018-04-06 18:00:00,10053.324
2018-04-06 21:00:00,10886.652
2018-04-07 00:00:00,13941.516
2018-04-07 03:00:00,11434.3545
2018-04-07 06:00:00,7360.4077
2018-04-07 09:00:00,7186.5264
2018-04-07 12:00:00,12202.173
2018-04-07 15:00:00,11360.421
2018-04-07 18:00:00,12070.585
2018-04-07 21:00:00,13777.673
2018-04-08 00:00:00,11660.167
2018-04-08 03:00:00,11814.128
2018-04-08 06:00:00,7163.854
2018-04-08 09:00:00,6669.6465
2018-04-08 12:00:00,10661.903
2018-04-08 15:00:00,11039.64
2018-04-08 18:00:00,12440.557
2018-04-08 21:00:00,10226.726
2018-04-09 00:00:00,13716.36
2018-04-09 03:00:00,13318.845
2018-04-09 06:00:00,8023.0864
2018-04-09 09:00:00,4761.5264
2018-04-09 12:00:00,10578.197
2018-04-09 15:00:00,9860.717
2018-04-09 18:00:00,10813.007
2018-04-09 21:00:00,9776.792
2018-04-10 00:00:00,10396.159
2018-04-10 03:00:00,11020.071
2018-04-10 06:00:00,9216.883
2018-04-10 09:00:00,5880.6104
2018-04-10 12:00:00,10375.461
2018-04-10 15:00:00,11551.24
2018-04-10 18:00:00,13189.787
2018-04-10 21:00:00,12103.956
2018-04-11 00:00:00,10656.858
2018-04-11 03:00:00,10988.574
2018-04-11 06:00:00,6122.9395
2018-04-11 09:00:00,4058.136
2018-04-11 12:00:00,8954.423
2018-04-11 15:00:00,10481.035
2018-04-11 18:00:00,10949.824
2018-04-11 21:00:00,7953.5786
2018-04-12 00:00:00,11861.08
2018-04-12 03:00:00,10981.435
2018-04-12 06:00:00,6836.945
2018-04-12 09:00:00,6158.625
2018-04-12 12:00:00,11650.13
2018-04-12 15:00:00,14137.223
2018-04-12 18:00:00,15159.141
2018-04-12 21:00:00,16113.119
2018-04-13 00:00:00,10939.399
2018-04-13 03:00:00,8277.114
2018-04-13 06:00:00,2371.1628
2018-04-13 09:00:00,-423.87213
2018-04-13 12:00:00,3567.0059
2018-04-13 15:00:00,4426.445
2018-04-13 18:00:00,5253.384
2018-04-13 21:00:00,5829.5166
2018-04-14 00:00:00,8016.315
2018-04-14 03:00:00,8768.484
2018-04-14 06:00:00,3426.3096
2018-04-14 09:00:00,5054.687
2018-04-14 12:00:00,10256.565
2018-04-14 15:00:00,10074.047
2018-04-14 18:00:00,9695.976
2018-04-14 21:00:00,10081.37
2018-04-15 00:00:00,10722.934
2018-04-15 03:00:00,6715.203
2018-04-15 06:00:00,3107.6067
2018-04-15 09:00:00,164.52219
2018-04-15 12:00:00,3107.7017
2018-04-15 15:00:00,807.8436
2018-04-15 18:00:00,1386.3685
2018-04-15 21:00:00,2517.0107
2018-04-16 00:00:00,3261.6013
2018-04-16 03:00:00,6821.1733
2018-04-16 06:00:00,1747.1611
2018-04-16 09:00:00,-773.1485
2018-04-16 12:00:00,491.21057
2018-04-16 15:00:00,835.77905
2018-04-16 18:00:00,9361.12
2018-04-16 21:00:00,7632.1694
2018-04-17 00:00:00,11616.167
2018-04-17 03:00:00,11221.462
2018-04-17 06:00:00,9500.248
2018-04-17 09:00:00,6177.822
2018-04-17 12:00:00,9623.276
2018-04-17 15:00:00,8956.105
2018-04-17 18:00:00,9196.135
2018-04-17 21:00:00,9162.904
2018-04-18 00:00:00,10303.706
2018-04-18 03:00:00,10406.412
2018-04-18 06:00:00,8357.418
2018-04-18 09:00:00,5970.5474
2018-04-18 12:00:00,9411.562
2018-04-18 15:00:00,9876.555
2018-04-18 18:00:00,11158.812
2018-04-18 21:00:00,10180.262
2018-04-19 00:00:00,9364.129
2018-04-19 03:00:00,10791.79
2018-04-19 06:00:00,7387.911
2018-04-19 09:00:00,6708.9844
2018-04-19 12:00:00,8449.233
2018-04-19 15:00:00,7268.2734
2018-04-19 18:00:00,8920.283
2018-04-19 21:00:00,8278.785
2018-04-20 00:00:00,9043.33
2018-04-20 03:00:00,9368.246
2018-04-20 06:00:00,5819.1104
2018-04-20 09:00:00,3427.042
2018-04-20 12:00:00,6835.849
2018-04-20 15:00:00,7857.8296
2018-04-20 18:00:00,8418.417
2018-04-20 21:00:00,7349.9927
2018-04-21 00:00:00,10424.052
2018-04-21 03:00:00,9652.51
2018-04-21 06:00:00,7793.8076
2018-04-21 09:00:00,6310.18
2018-04-21 12:00:00,10789.512
2018-04-21 15:00:00,11233.996
2018-04-21 18:00:00,10162.095
2018-04-21 21:00:00,10647.134
2018-04-22 00:00:00,10650.289
2018-04-22 03:00:00,10396.168
2018-04-22 06:00:00,8349.422
2018-04-22 09:00:00,7095.6475
2018-04-22 12:00:00,9959.0
2018-04-22 15:00:00,9527.458
2018-04-22 18:00:00,9466.466
2018-04-22 21:00:00,10556.145
2018-04-23 00:00:00,9825.43
2018-04-23 03:00:00,10701.598
2018-04-23 06:00:00,8915.279
2018-04-23 09:00:00,4036.823
2018-04-23 12:00:00,8067.644
2018-04-23 15:00:00,9788.346
2018-04-23 18:00:00,9998.668
2018-04-23 21:00:00,10973.874
2018-04-24 00:00:00,10670.444
2018-04-24 03:00:00,10734.758
2018-04-24 06:00:00,8343.645
2018-04-24 09:00:00,6006.6978
2018-04-24 12:00:00,9608.423
2018-04-24 15:00:00,7189.265
2018-04-24 18:00:00,8523.083
2018-04-24 21:00:00,10214.548
2018-04-25 00:00:00,9742.238
2018-04-25 03:00:00,9872.851
2018-04-25 06:00:00,7635.802
2018-04-25 09:00:00,6168.411
2018-04-25 12:00:00,6697.125
2018-04-25 15:00:00,6854.0054
2018-04-25 18:00:00,8159.5933
2018-04-25 21:00:00,8838.325
2018-04-26 00:00:00,9894.163
2018-04-26 03:00:00,9475.208
2018-04-26 06:00:00,8012.7876
2018-04-26 09:00:00,5851.4224
2018-04-26 12:00:00,7277.9766
2018-04-26 15:00:00,4120.8794
2018-04-26 18:00:00,3892.0916
2018-04-26 21:00:00,9586.265
2018-04-27 00:00:00,7752.2676
2018-04-27 03:00:00,7280.238
2018-04-27 06:00:00,4730.919
2018-04-27 09:00:00,2962.417
2018-04-27 12:00:00,3282.0322
2018-04-27 15:00:00,1988.3329
2018-04-27 18:00:00,2678.6147
2018-04-27 21:00:00,2378.3596
2018-04-28 00:00:00,5703.928
2018-04-28 03:00:00,6220.189
2018-04-28 06:00:00,3141.1807
2018-04-28 09:00:00,1455.3716
2018-04-28 12:00:00,3052.7773
2018-04-28 15:00:00,2055.4001
2018-04-28 18:00:00,2662.4102
2018-04-28 21:00:00,4215.2495
2018-04-29 00:00:00,6750.8438
2018-04-29 03:00:00,4733.992
2018-04-29 06:00:00,2018.0637
2018-04-29 09:00:00,-270.0875
2018-04-29 12:00:00,1504.6411
2018-04-29 15:00:00,1073.6698
2018-04-29 18:00:00,843.76013
2018-04-29 21:00:00,776.22015
2018-04-30 00:00:00,5105.2466
2018-04-30 03:00:00,4820.0376
2018-04-30 06:00:00,785.8987
2018-04-30 09:00:00,-2769.9966
2018-04-30 12:00:00,2529.0383
2018-04-30 15:00:00,1763.6533
2018-04-30 18:00:00,4357.7607
2018-04-30 21:00:00,1137.6256
2018-05-01 00:00:00,8199.302
2018-05-01 03:00:00,4380.7407
2018-05-01 06:00:00,1964.1787
2018-05-01 09:00:00,-975.9931
2018-05-01 12:00:00,2807.2605
2018-05-01 15:00:00,5886.837
2018-05-01 18:00:00,5223.974
2018-05-01 21:00:00,4826.9185
2018-05-02 00:00:00,8894.888
2018-05-02 03:00:00,8794.134
2018-05-02 06:00:00,2863.6455
2018-05-02 09:00:00,-1115.8159
2018-05-02 12:00:00,7741.9644
2018-05-02 15:00:00,6467.1255
2018-05-02 18:00:00,6431.2456
2018-05-02 21:00:00,8305.528
2018-05-03 00:00:00,9078.892
2018-05-03 03:00:00,6373.91
2018-05-03 06:00:00,239.99236
2018-05-03 09:00:00,-1890.3407
2018-05-03 12:00:00,-913.1939
2018-05-03 15:00:00,1258.441
2018-05-03 18:00:00,1212.875
2018-05-03 21:00:00,2896.8162
2018-05-04 00:00:00,5045.5684
2018-05-04 03:00:00,3044.7112
2018-05-04 06:00:00,74.69383
2018-05-04 09:00:00,-1862.4901
2018-05-04 12:00:00,2655.5159
2018-05-04 15:00:00,2458.9954
2018-05-04 18:00:00,1976.8485
2018-05-04 21:00:00,1877.7395
2018-05-05 00:00:00,6337.5693
2018-05-05 03:00:00,5504.034
2018-05-05 06:00:00,1444.0415
2018-05-05 09:00:00,969.6631
2018-05-05 12:00:00,6352.7393
2018-05-05 15:00:00,8535.965
2018-05-05 18:00:00,8579.542
2018-05-05 21:00:00,7202.8413
2018-05-06 00:00:00,9213.494
2018-05-06 03:00:00,10319.469
2018-05-06 06:00:00,11621.137
2018-05-06 09:00:00,8384.794
2018-05-06 12:00:00,11292.801
2018-05-06 15:00:00,13581.866
2018-05-06 18:00:00,10660.778
2018-05-06 21:00:00,11212.632
2018-05-07 00:00:00,13383.61
2018-05-07 03:00:00,13379.238
2018-05-07 06:00:00,9619.914
2018-05-07 09:00:00,8197.902
2018-05-07 12:00:00,14049.222
2018-05-07 15:00:00,10897.16
2018-05-07 18:00:00,10012.641
2018-05-07 21:00:00,12559.024
2018-05-08 00:00:00,11307.355
2018-05-08 03:00:00,12274.811
2018-05-08 06:00:00,9258.709
2018-05-08 09:00:00,6951.239
2018-05-08 12:00:00,11853.882
2018-05-08 15:00:00,10570.017
2018-05-08 18:00:00,12208.8
2018-05-08 21:00:00,12131.304
2018-05-09 00:00:00,12851.936
2018-05-09 03:00:00,13004.876
2018-05-09 06:00:00,9485.116
2018-05-09 09:00:00,8117.308
2018-05-09 12:00:00,11828.961
2018-05-09 15:00:00,12258.984
2018-05-09 18:00:00,12835.133
2018-05-09 21:00:00,11919.156
2018-05-10 00:00:00,10170.637
2018-05-10 03:00:00,10486.349
2018-05-10 06:00:00,8424.446
2018-05-10 09:00:00,5758.866
2018-05-10 12:00:00,9800.291
2018-05-10 15:00:00,10641.344
2018-05-10 18:00:00,12967.11
2018-05-10 21:00:00,13481.802
2018-05-11 00:00:00,15409.542
2018-05-11 03:00:00,14098.85
2018-05-11 06:00:00,10477.051
2018-05-11 09:00:00,9072.838
2018-05-11 12:00:00,12063.861
2018-05-11 15:00:00,11591.555
2018-05-11 18:00:00,10341.528
2018-05-11 21:00:00,11870.761
2018-05-12 00:00:00,14392.643
2018-05-12 03:00:00,14811.552
2018-05-12 06:00:00,9163.219
2018-05-12 09:00:00,5516.8164
2018-05-12 12:00:00,10526.447
2018-05-12 15:00:00,12436.369
2018-05-12 18:00:00,11812.025
2018-05-12 21:00:00,10694.911
2018-05-13 00:00:00,7953.5054
2018-05-13 03:00:00,6897.176
2018-05-13 06:00:00,137.64153
2018-05-13 09:00:00,2367.3599
2018-05-13 12:00:00,4197.934
2018-05-13 15:00:00,1445.9955
2018-05-13 18:00:00,1161.4684
2018-05-13 21:00:00,5887.248
2018-05-14 00:00:00,7036.9526
2018-05-14 03:00:00,8824.487
2018-05-14 06:00:00,4932.3853
2018-05-14 09:00:00,157.91353
2018-05-14 12:00:00,4210.938
2018-05-14 15:00:00,4006.427
2018-05-14 18:00:00,3230.1213
2018-05-14 21:00:00,7804.3174
2018-05-15 00:00:00,8425.292
2018-05-15 03:00:00,8951.274
2018-05-15 06:00:00,6604.855
2018-05-15 09:00:00,2732.5222
2018-05-15 12:00:00,8474.523
2018-05-15 15:00:00,3124.031
2018-05-15 18:00:00,2236.4663
2018-05-15 21:00:00,7048.931
2018-05-16 00:00:00,9528.213
2018-05-16 03:00:00,7895.2085
2018-05-16 06:00:00,7229.5107
2018-05-16 09:00:00,4976.985
2018-05-16 12:00:00,8058.3403
2018-05-16 15:00:00,8894.202
2018-05-16 18:00:00,4495.5396
2018-05-16 21:00:00,10593.739
2018-05-17 00:00:00,11110.648
2018-05-17 03:00:00,12045.207
2018-05-17 06:00:00,8333.774
2018-05-17 09:00:00,6865.763
2018-05-17 12:00:00,9419.072
2018-05-17 15:00:00,4922.5146
2018-05-17 18:00:00,10362.138
2018-05-17 21:00:00,9874.172
2018-05-18 00:00:00,12707.958
2018-05-18 03:00:00,10786.528
2018-05-18 06:00:00,8693.608
2018-05-18 09:00:00,7136.188
2018-05-18 12:00:00,10650.433
2018-05-18 15:00:00,9148.867
2018-05-18 18:00:00,11752.68
2018-05-18 21:00:00,10771.513
2018-05-19 00:00:00,11901.63
2018-05-19 03:00:00,10865.29
2018-05-19 06:00:00,8371.092
2018-05-19 09:00:00,9331.623
2018-05-19 12:00:00,11003.078
2018-05-19 15:00:00,9700.06
2018-05-19 18:00:00,9736.468
2018-05-19 21:00:00,10270.548
2018-05-20 00:00:00,10753.004
2018-05-20 03:00:00,11347.054
2018-05-20 06:00:00,5169.814
2018-05-20 09:00:00,8505.356
2018-05-20 12:00:00,6158.108
2018-05-20 15:00:00,6272.4067
2018-05-20 18:00:00,5735.4272
2018-05-20 21:00:00,4568.5464
2018-05-21 00:00:00,7860.8955
2018-05-21 03:00:00,7745.328
2018-05-21 06:00:00,3671.0918
2018-05-21 09:00:00,4132.3633
2018-05-21 12:00:00,5792.5396
2018-05-21 15:00:00,4828.1504
2018-05-21 18:00:00,5505.73
2018-05-21 21:00:00,6398.5654
2018-05-22 00:00:00,7887.0063
2018-05-22 03:00:00,7490.452
2018-05-22 06:00:00,4241.007
2018-05-22 09:00:00,4607.868
2018-05-22 12:00:00,6009.774
2018-05-22 15:00:00,5368.043
2018-05-22 18:00:00,5881.1367
2018-05-22 21:00:00,10714.635
2018-05-23 00:00:00,11291.118
2018-05-23 03:00:00,10972.799
2018-05-23 06:00:00,9258.167
2018-05-23 09:00:00,8256.782
2018-05-23 12:00:00,11525.293
2018-05-23 15:00:00,10686.267
2018-05-23 18:00:00,8112.8594
2018-05-23 21:00:00,9928.845
2018-05-24 00:00:00,10886.308
2018-05-24 03:00:00,10936.457
2018-05-24 06:00:00,8839.129
2018-05-24 09:00:00,8405.907
2018-05-24 12:00:00,10982.121
2018-05-24 15:00:00,6634.817
2018-05-24 18:00:00,7255.588
2018-05-24 21:00:00,7684.0083
2018-05-25 00:00:00,8731.763
2018-05-25 03:00:00,11947.88
2018-05-25 06:00:00,8931.193
2018-05-25 09:00:00,6799.9053
2018-05-25 12:00:00,10802.7295
2018-05-25 15:00:00,6118.5024
2018-05-25 18:00:00,6992.4395
2018-05-25 21:00:00,5813.996
2018-05-26 00:00:00,7875.144
2018-05-26 03:00:00,7919.4136
2018-05-26 06:00:00,4925.9136
2018-05-26 09:00:00,8328.312
2018-05-26 12:00:00,5791.6816
2018-05-26 15:00:00,5782.652
2018-05-26 18:00:00,8220.753
2018-05-26 21:00:00,6374.8354
2018-05-27 00:00:00,7807.39
2018-05-27 03:00:00,7907.033
2018-05-27 06:00:00,5245.2305
2018-05-27 09:00:00,4744.665
2018-05-27 12:00:00,7617.232
2018-05-27 15:00:00,4574.113
2018-05-27 18:00:00,5730.7324
2018-05-27 21:00:00,3958.9626
2018-05-28 00:00:00,7962.0566
2018-05-28 03:00:00,7708.723
2018-05-28 06:00:00,8372.067
2018-05-28 09:00:00,8254.92
2018-05-28 12:00:00,10787.3
2018-05-28 15:00:00,11714.644
2018-05-28 18:00:00,11741.028
2018-05-28 21:00:00,6921.5454
2018-05-29 00:00:00,12515.602
2018-05-29 03:00:00,8146.6265
2018-05-29 06:00:00,4478.8936
2018-05-29 09:00:00,3787.995
2018-05-29 12:00:00,6417.003
2018-05-29 15:00:00,5971.8438
2018-05-29 18:00:00,6125.5474
2018-05-29 21:00:00,4496.544
2018-05-30 00:00:00,7424.4214
2018-05-30 03:00:00,6470.821
2018-05-30 06:00:00,2474.6729
2018-05-30 09:00:00,3208.0374
2018-05-30 12:00:00,4396.653
2018-05-30 15:00:00,1138.7999
2018-05-30 18:00:00,2649.5598
2018-05-30 21:00:00,3995.4937
2018-05-31 00:00:00,5734.6587
2018-05-31 03:00:00,7163.759
2018-05-31 06:00:00,6477.634
2018-05-31 09:00:00,4958.398
2018-05-31 12:00:00,6970.7114
2018-05-31 15:00:00,6737.415
2018-05-31 18:00:00,7480.603
2018-05-31 21:00:00,5941.9556
2018-06-01 00:00:00,11565.772
2018-06-01 03:00:00,10941.234
2018-06-01 06:00:00,1482.129
2018-06-01 09:00:00,-258.25604
2018-06-01 12:00:00,6270.7544
2018-06-01 15:00:00,5633.9546
2018-06-01 18:00:00,7018.4077
2018-06-01 21:00:00,5314.7837
2018-06-02 00:00:00,12272.185
2018-06-02 03:00:00,11512.609
2018-06-02 06:00:00,4647.043
2018-06-02 09:00:00,3151.3445
2018-06-02 12:00:00,8945.993
2018-06-02 15:00:00,9169.767
2018-06-02 18:00:00,10279.237
2018-06-02 21:00:00,10031.193
2018-06-03 00:00:00,10099.4
2018-06-03 03:00:00,11295.335
2018-06-03 06:00:00,3921.402
2018-06-03 09:00:00,1854.534
2018-06-03 12:00:00,3504.4075
2018-06-03 15:00:00,2818.8516
2018-06-03 18:00:00,3249.2903
2018-06-03 21:00:00,2720.594
2018-06-04 00:00:00,7155.2764
2018-06-04 03:00:00,6479.4595
2018-06-04 06:00:00,640.00146
2018-06-04 09:00:00,-126.79837
2018-06-04 12:00:00,2769.2026
2018-06-04 15:00:00,2563.6394
2018-06-04 18:00:00,2931.4543
2018-06-04 21:00:00,1106.8928
2018-06-05 00:00:00,6248.523
2018-06-05 03:00:00,6146.886
2018-06-05 06:00:00,2068.5896
2018-06-05 09:00:00,1272.8722
2018-06-05 12:00:00,5581.6943
2018-06-05 15:00:00,5079.74
2018-06-05 18:00:00,4892.6
2018-06-05 21:00:00,3551.1145
2018-06-06 00:00:00,8116.6055
2018-06-06 03:00:00,7151.898
2018-06-06 06:00:00,9184.86
2018-06-06 09:00:00,7335.4873
2018-06-06 12:00:00,10612.024
2018-06-06 15:00:00,11308.456
2018-06-06 18:00:00,10780.1455
2018-06-06 21:00:00,11205.498
2018-06-07 00:00:00,12912.051
2018-06-07 03:00:00,12443.435
2018-06-07 06:00:00,9308.9375
2018-06-07 09:00:00,9108.94
2018-06-07 12:00:00,13987.121
2018-06-07 15:00:00,11804.971
2018-06-07 18:00:00,10580.579
2018-06-07 21:00:00,11947.06
2018-06-08 00:00:00,14002.827
2018-06-08 03:00:00,14305.582
2018-06-08 06:00:00,9503.911
2018-06-08 09:00:00,8793.81
2018-06-08 12:00:00,11711.093
2018-06-08 15:00:00,13426.058
2018-06-08 18:00:00,13611.281
2018-06-08 21:00:00,12341.07
2018-06-09 00:00:00,12259.519
2018-06-09 03:00:00,12879.257
2018-06-09 06:00:00,8731.278
2018-06-09 09:00:00,9080.638
2018-06-09 12:00:00,13039.953
2018-06-09 15:00:00,13177.648
2018-06-09 18:00:00,10348.847
2018-06-09 21:00:00,12425.523
2018-06-10 00:00:00,12561.661
2018-06-10 03:00:00,12136.16
2018-06-10 06:00:00,9232.49
2018-06-10 09:00:00,9008.785
2018-06-10 12:00:00,12146.678
2018-06-10 15:00:00,11732.81
2018-06-10 18:00:00,11051.578
2018-06-10 21:00:00,13114.504
2018-06-11 00:00:00,11475.597
2018-06-11 03:00:00,12439.19
2018-06-11 06:00:00,8444.326
2018-06-11 09:00:00,6675.476
2018-06-11 12:00:00,10452.327
2018-06-11 15:00:00,11764.876
2018-06-11 18:00:00,11638.356
2018-06-11 21:00:00,11000.325
2018-06-12 00:00:00,11566.642
2018-06-12 03:00:00,11583.805
2018-06-12 06:00:00,8695.503
2018-06-12 09:00:00,7722.6777
2018-06-12 12:00:00,9204.237
2018-06-12 15:00:00,11682.619
2018-06-12 18:00:00,12389.662
2018-06-12 21:00:00,13681.945
2018-06-13 00:00:00,7171.3853
2018-06-13 03:00:00,6911.883
2018-06-13 06:00:00,45.02949
2018-06-13 09:00:00,1800.1615
2018-06-13 12:00:00,2321.835
2018-06-13 15:00:00,2943.735
2018-06-13 18:00:00,3263.581
2018-06-13 21:00:00,1829.8047
2018-06-14 00:00:00,2668.2703
2018-06-14 03:00:00,3177.4329
2018-06-14 06:00:00,702.0084
2018-06-14 09:00:00,1926.6554
2018-06-14 12:00:00,4759.715
2018-06-14 15:00:00,4571.6895
2018-06-14 18:00:00,5024.397
2018-06-14 21:00:00,6755.812
2018-06-15 00:00:00,7028.9673
2018-06-15 03:00:00,5812.7515
2018-06-15 06:00:00,3161.9937
2018-06-15 09:00:00,4334.1123
2018-06-15 12:00:00,5282.283
2018-06-15 15:00:00,4653.881
2018-06-15 18:00:00,3647.615
2018-06-15 21:00:00,7134.498
2018-06-16 00:00:00,10176.962
2018-06-16 03:00:00,9335.914
2018-06-16 06:00:00,5470.0156
2018-06-16 09:00:00,6911.58
2018-06-16 12:00:00,9150.778
2018-06-16 15:00:00,6706.1387
2018-06-16 18:00:00,4055.0286
2018-06-16 21:00:00,7116.9634
2018-06-17 00:00:00,8279.667
2018-06-17 03:00:00,8407.153
2018-06-17 06:00:00,5057.942
2018-06-17 09:00:00,5919.241
2018-06-17 12:00:00,6987.3267
2018-06-17 15:00:00,6836.637
2018-06-17 18:00:00,7108.6904
2018-06-17 21:00:00,5778.7803
2018-06-18 00:00:00,7184.2334
2018-06-18 03:00:00,6446.598
2018-06-18 06:00:00,5064.5713
2018-06-18 09:00:00,5160.6743
2018-06-18 12:00:00,7956.8857
2018-06-18 15:00:00,9022.435
2018-06-18 18:00:00,7244.4976
2018-06-18 21:00:00,6625.1934
2018-06-19 00:00:00,8059.1436
2018-06-19 03:00:00,8791.581
2018-06-19 06:00:00,5721.583
2018-06-19 09:00:00,5123.5264
2018-06-19 12:00:00,6734.244
2018-06-19 15:00:00,8853.283
2018-06-19 18:00:00,7849.707
2018-06-19 21:00:00,9467.162
2018-06-20 00:00:00,12182.8545
2018-06-20 03:00:00,10492.596
2018-06-20 06:00:00,6551.1074
2018-06-20 09:00:00,7538.57
2018-06-20 12:00:00,9422.829
2018-06-20 15:00:00,10459.008
2018-06-20 18:00:00,11179.433
2018-06-20 21:00:00,10000.944
2018-06-21 00:00:00,12083.098
2018-06-21 03:00:00,9453.027
2018-06-21 06:00:00,7835.6094
2018-06-21 09:00:00,7230.2886
2018-06-21 12:00:00,8992.095
2018-06-21 15:00:00,11099.214
2018-06-21 18:00:00,9282.133
2018-06-21 21:00:00,10726.994
2018-06-22 00:00:00,10361.831
2018-06-22 03:00:00,10175.244
2018-06-22 06:00:00,8772.854
2018-06-22 09:00:00,8180.9375
2018-06-22 12:00:00,10299.078
2018-06-22 15:00:00,11130.122
2018-06-22 18:00:00,11160.902
2018-06-22 21:00:00,11955.03
2018-06-23 00:00:00,11364.912
2018-06-23 03:00:00,11599.318
2018-06-23 06:00:00,6700.319
2018-06-23 09:00:00,6580.0815
2018-06-23 12:00:00,10253.889
2018-06-23 15:00:00,10030.629
2018-06-23 18:00:00,11053.428
2018-06-23 21:00:00,12084.328
2018-06-24 00:00:00,12874.471
2018-06-24 03:00:00,12617.599
2018-06-24 06:00:00,7684.669
2018-06-24 09:00:00,7729.4834
2018-06-24 12:00:00,10595.765
2018-06-24 15:00:00,12296.423
2018-06-24 18:00:00,12711.219
2018-06-24 21:00:00,12462.046
2018-06-25 00:00:00,14075.839
2018-06-25 03:00:00,13346.339
2018-06-25 06:00:00,8432.49
2018-06-25 09:00:00,8174.4854
2018-06-25 12:00:00,10125.727
2018-06-25 15:00:00,12484.403
2018-06-25 18:00:00,12603.557
2018-06-25 21:00:00,12164.858
2018-06-26 00:00:00,13832.462
2018-06-26 03:00:00,12552.218
2018-06-26 06:00:00,8055.391
2018-06-26 09:00:00,8357.417
2018-06-26 12:00:00,10147.274
2018-06-26 15:00:00,12177.836
2018-06-26 18:00:00,10706.664
2018-06-26 21:00:00,10770.936
2018-06-27 00:00:00,14183.55
2018-06-27 03:00:00,13753.659
2018-06-27 06:00:00,9082.612
2018-06-27 09:00:00,9376.487
2018-06-27 12:00:00,11240.806
2018-06-27 15:00:00,8169.967
2018-06-27 18:00:00,6166.1333
2018-06-27 21:00:00,7226.288
2018-06-28 00:00:00,11444.184
2018-06-28 03:00:00,11954.092
2018-06-28 06:00:00,5600.94
2018-06-28 09:00:00,6683.366
2018-06-28 12:00:00,10104.503
2018-06-28 15:00:00,9912.234
2018-06-28 18:00:00,9345.179
2018-06-28 21:00:00,10383.795
2018-06-29 00:00:00,12923.181
2018-06-29 03:00:00,12166.063
2018-06-29 06:00:00,6528.5273
2018-06-29 09:00:00,4931.0063
2018-06-29 12:00:00,8669.559
2018-06-29 15:00:00,9020.126
2018-06-29 18:00:00,8480.001
2018-06-29 21:00:00,9460.681
2018-06-30 00:00:00,13115.245
2018-06-30 03:00:00,13138.9375
2018-06-30 06:00:00,6241.863
2018-06-30 09:00:00,5450.95
2018-06-30 12:00:00,8390.25
2018-06-30 15:00:00,10025.468
2018-06-30 18:00:00,9575.262
2018-06-30 21:00:00,10805.948
2018-07-01 00:00:00,11894.335
2018-07-01 03:00:00,7441.879
2018-07-01 06:00:00,-755.6637
2018-07-01 09:00:00,-1063.4924
2018-07-01 12:00:00,4467.7344
2018-07-01 15:00:00,3227.5186
2018-07-01 18:00:00,1107.0593
2018-07-01 21:00:00,3470.51
2018-07-02 00:00:00,6762.118
2018-07-02 03:00:00,8927.988
2018-07-02 06:00:00,427.46634
2018-07-02 09:00:00,1308.005
2018-07-02 12:00:00,7135.322
2018-07-02 15:00:00,3645.0098
2018-07-02 18:00:00,3872.712
2018-07-02 21:00:00,4051.1685
2018-07-03 00:00:00,8115.9946
2018-07-03 03:00:00,6423.921
2018-07-03 06:00:00,-1047.953
2018-07-03 09:00:00,154.20013
2018-07-03 12:00:00,3745.0872
2018-07-03 15:00:00,2655.5576
2018-07-03 18:00:00,3429.2637
2018-07-03 21:00:00,2364.6836
2018-07-04 00:00:00,8114.806
2018-07-04 03:00:00,8694.888
2018-07-04 06:00:00,1285.8364
2018-07-04 09:00:00,864.0115
2018-07-04 12:00:00,4279.287
2018-07-04 15:00:00,3597.1533
2018-07-04 18:00:00,2704.5989
2018-07-04 21:00:00,2061.569
2018-07-05 00:00:00,6619.835
2018-07-05 03:00:00,6316.2446
2018-07-05 06:00:00,3781.4167
2018-07-05 09:00:00,2598.2595
2018-07-05 12:00:00,6374.4214
2018-07-05 15:00:00,8942.637
2018-07-05 18:00:00,7647.8936
2018-07-05 21:00:00,8190.876
2018-07-06 00:00:00,11044.925
2018-07-06 03:00:00,12633.444
2018-07-06 06:00:00,10545.772
2018-07-06 09:00:00,9660.753
2018-07-06 12:00:00,12404.912
2018-07-06 15:00:00,11068.103
2018-07-06 18:00:00,12773.871
2018-07-06 21:00:00,12408.465
2018-07-07 00:00:00,14594.743
2018-07-07 03:00:00,14723.249
2018-07-07 06:00:00,11666.31
2018-07-07 09:00:00,10138.124
2018-07-07 12:00:00,13227.49
2018-07-07 15:00:00,13353.643
2018-07-07 18:00:00,13991.108
2018-07-07 21:00:00,14925.965
2018-07-08 00:00:00,14330.96
2018-07-08 03:00:00,13878.069
2018-07-08 06:00:00,10000.023
2018-07-08 09:00:00,8458.3
2018-07-08 12:00:00,11710.564
2018-07-08 15:00:00,13111.475
2018-07-08 18:00:00,11272.194
2018-07-08 21:00:00,12700.785
2018-07-09 00:00:00,15573.956
2018-07-09 03:00:00,14258.45
2018-07-09 06:00:00,11048.949
2018-07-09 09:00:00,9871.84
2018-07-09 12:00:00,12677.646
2018-07-09 15:00:00,11354.956
2018-07-09 18:00:00,11320.855
2018-07-09 21:00:00,13652.387
2018-07-10 00:00:00,14752.807
2018-07-10 03:00:00,13861.196
2018-07-10 06:00:00,10653.909
2018-07-10 09:00:00,10978.696
2018-07-10 12:00:00,13766.391
2018-07-10 15:00:00,10585.157
2018-07-10 18:00:00,11140.419
2018-07-10 21:00:00,12223.878
2018-07-11 00:00:00,13916.904
2018-07-11 03:00:00,12633.973
2018-07-11 06:00:00,9086.377
2018-07-11 09:00:00,9215.992
2018-07-11 12:00:00,10646.378
2018-07-11 15:00:00,11425.7705
2018-07-11 18:00:00,13313.255
2018-07-11 21:00:00,13139.525
2018-07-12 00:00:00,16156.936
2018-07-12 03:00:00,14138.656
2018-07-12 06:00:00,9515.422
2018-07-12 09:00:00,8854.02
2018-07-12 12:00:00,13251.025
2018-07-12 15:00:00,11683.523
2018-07-12 18:00:00,14575.941
2018-07-12 21:00:00,14210.567
2018-07-13 00:00:00,15866.39
2018-07-13 03:00:00,15359.503
2018-07-13 06:00:00,10478.481
2018-07-13 09:00:00,7742.5845
2018-07-13 12:00:00,11696.413
2018-07-13 15:00:00,11304.398
2018-07-13 18:00:00,12816.172
2018-07-13 21:00:00,12995.451
2018-07-14 00:00:00,15148.035
2018-07-14 03:00:00,14194.873
2018-07-14 06:00:00,10288.62
2018-07-14 09:00:00,11278.041
2018-07-14 12:00:00,12330.254
2018-07-14 15:00:00,10287.865
2018-07-14 18:00:00,11370.155
2018-07-14 21:00:00,11382.56
2018-07-15 00:00:00,12829.268
2018-07-15 03:00:00,13683.253
2018-07-15 06:00:00,7919.757
2018-07-15 09:00:00,9407.594
2018-07-15 12:00:00,11149.218
2018-07-15 15:00:00,9158.699
2018-07-15 18:00:00,8854.806
2018-07-15 21:00:00,6521.714
2018-07-16 00:00:00,11566.409
2018-07-16 03:00:00,8503.401
2018-07-16 06:00:00,2998.9312
2018-07-16 09:00:00,2152.3918
2018-07-16 12:00:00,4337.894
2018-07-16 15:00:00,8677.701
2018-07-16 18:00:00,8876.948
2018-07-16 21:00:00,6380.506
2018-07-17 00:00:00,12410.535
2018-07-17 03:00:00,10105.571
2018-07-17 06:00:00,9764.638
2018-07-17 09:00:00,10821.451
2018-07-17 12:00:00,11883.452
2018-07-17 15:00:00,10700.96
2018-07-17 18:00:00,12416.691
2018-07-17 21:00:00,12574.022
2018-07-18 00:00:00,15670.524
2018-07-18 03:00:00,13592.171
2018-07-18 06:00:00,10384.973
2018-07-18 09:00:00,9870.763
2018-07-18 12:00:00,13245.915
2018-07-18 15:00:00,10429.453
2018-07-18 18:00:00,10563.436
2018-07-18 21:00:00,10469.008
2018-07-19 00:00:00,14866.619
2018-07-19 03:00:00,14772.374
2018-07-19 06:00:00,9527.022
2018-07-19 09:00:00,10502.9375
2018-07-19 12:00:00,12928.369
2018-07-19 15:00:00,11872.183
2018-07-19 18:00:00,12189.579
2018-07-19 21:00:00,10680.818
2018-07-20 00:00:00,13066.161
2018-07-20 03:00:00,12539.025
2018-07-20 06:00:00,8961.092
2018-07-20 09:00:00,9097.693
2018-07-20 12:00:00,8087.2793
2018-07-20 15:00:00,10528.554
2018-07-20 18:00:00,9180.35
2018-07-20 21:00:00,9998.358
2018-07-21 00:00:00,12685.189
2018-07-21 03:00:00,12833.736
2018-07-21 06:00:00,9096.544
2018-07-21 09:00:00,7969.8735
2018-07-21 12:00:00,9064.524
2018-07-21 15:00:00,8814.177
2018-07-21 18:00:00,10068.166
2018-07-21 21:00:00,8742.983
2018-07-22 00:00:00,12184.668
2018-07-22 03:00:00,13357.482
2018-07-22 06:00:00,8359.946
2018-07-22 09:00:00,10287.393
2018-07-22 12:00:00,13087.319
2018-07-22 15:00:00,9080.608
2018-07-22 18:00:00,9718.153
2018-07-22 21:00:00,12604.866
2018-07-23 00:00:00,13784.805
2018-07-23 03:00:00,13070.255
2018-07-23 06:00:00,10701.606
2018-07-23 09:00:00,11652.928
2018-07-23 12:00:00,13552.941
2018-07-23 15:00:00,12619.836
2018-07-23 18:00:00,11220.061
2018-07-23 21:00:00,11214.228
2018-07-24 00:00:00,15089.502
2018-07-24 03:00:00,12349.25
2018-07-24 06:00:00,10107.781
2018-07-24 09:00:00,7936.4478
2018-07-24 12:00:00,9411.709
2018-07-24 15:00:00,11417.767
2018-07-24 18:00:00,11611.199
2018-07-24 21:00:00,11249.884
2018-07-25 00:00:00,13608.535
2018-07-25 03:00:00,12435.63
2018-07-25 06:00:00,9987.146
2018-07-25 09:00:00,11428.644
2018-07-25 12:00:00,11432.764
2018-07-25 15:00:00,11459.088
2018-07-25 18:00:00,13580.141
2018-07-25 21:00:00,13075.911
2018-07-26 00:00:00,14543.102
2018-07-26 03:00:00,13411.212
2018-07-26 06:00:00,9078.5625
2018-07-26 09:00:00,9497.563
2018-07-26 12:00:00,12566.337
2018-07-26 15:00:00,11837.374
2018-07-26 18:00:00,12728.669
2018-07-26 21:00:00,10754.129
2018-07-27 00:00:00,12437.335
2018-07-27 03:00:00,12825.722
2018-07-27 06:00:00,10172.123
2018-07-27 09:00:00,9926.335
2018-07-27 12:00:00,12532.953
2018-07-27 15:00:00,10793.063
2018-07-27 18:00:00,11384.825
2018-07-27 21:00:00,10650.9375
2018-07-28 00:00:00,14408.12
2018-07-28 03:00:00,12767.312
2018-07-28 06:00:00,9960.755
2018-07-28 09:00:00,10258.323
2018-07-28 12:00:00,9498.169
2018-07-28 15:00:00,12307.843
2018-07-28 18:00:00,11508.161
2018-07-28 21:00:00,10708.112
2018-07-29 00:00:00,12315.313
2018-07-29 03:00:00,12978.987
2018-07-29 06:00:00,10110.265
2018-07-29 09:00:00,6714.2266
2018-07-29 12:00:00,10537.559
2018-07-29 15:00:00,11324.728
2018-07-29 18:00:00,13113.827
2018-07-29 21:00:00,12121.086
2018-07-30 00:00:00,13517.869
2018-07-30 03:00:00,12516.155
2018-07-30 06:00:00,10736.176
2018-07-30 09:00:00,11393.208
2018-07-30 12:00:00,14032.305
2018-07-30 15:00:00,11922.676
2018-07-30 18:00:00,11858.032
2018-07-30 21:00:00,13355.645
2018-07-31 00:00:00,14833.24
2018-07-31 03:00:00,14280.103
2018-07-31 06:00:00,10671.862
2018-07-31 09:00:00,11864.328
2018-07-31 12:00:00,13933.998
2018-07-31 15:00:00,14105.287
2018-07-31 18:00:00,10592.411
2018-07-31 21:00:00,14023.408
2018-08-01 00:00:00,9341.855
2018-08-01 03:00:00,9166.02
2018-08-01 06:00:00,14.157106
2018-08-01 09:00:00,796.5659
2018-08-01 12:00:00,4438.4814
2018-08-01 15:00:00,2129.1143
2018-08-01 18:00:00,2506.9797
2018-08-01 21:00:00,4349.8457
2018-08-02 00:00:00,8300.532
2018-08-02 03:00:00,8595.64
2018-08-02 06:00:00,1530.9869
2018-08-02 09:00:00,2534.6775
2018-08-02 12:00:00,5033.093
2018-08-02 15:00:00,2240.7937
2018-08-02 18:00:00,2581.2021
2018-08-02 21:00:00,5520.862
2018-08-03 00:00:00,7927.9404
2018-08-03 03:00:00,7467.265
2018-08-03 06:00:00,1670.7166
2018-08-03 09:00:00,2672.3105
2018-08-03 12:00:00,5606.166
2018-08-03 15:00:00,1522.4375
2018-08-03 18:00:00,1001.37054
2018-08-03 21:00:00,1969.1134
2018-08-04 00:00:00,7147.8203
2018-08-04 03:00:00,7631.7925
2018-08-04 06:00:00,655.674
2018-08-04 09:00:00,-158.8476
2018-08-04 12:00:00,3756.9944
2018-08-04 15:00:00,802.82355
2018-08-04 18:00:00,686.2465
2018-08-04 21:00:00,5647.381
2018-08-05 00:00:00,6980.767
2018-08-05 03:00:00,5881.5107
2018-08-05 06:00:00,4175.1436
2018-08-05 09:00:00,1553.364
2018-08-05 12:00:00,6943.5166
2018-08-05 15:00:00,3944.8076
2018-08-05 18:00:00,4252.033
2018-08-05 21:00:00,7843.546
2018-08-06 00:00:00,12850.811
2018-08-06 03:00:00,10983.758
2018-08-06 06:00:00,10762.2295
2018-08-06 09:00:00,10975.176
2018-08-06 12:00:00,11429.162
2018-08-06 15:00:00,10101.068
2018-08-06 18:00:00,10140.429
2018-08-06 21:00:00,10216.742
2018-08-07 00:00:00,14390.047
2018-08-07 03:00:00,15324.686
2018-08-07 06:00:00,9125.756
2018-08-07 09:00:00,9687.915
2018-08-07 12:00:00,12811.842
2018-08-07 15:00:00,11605.786
2018-08-07 18:00:00,11409.339
2018-08-07 21:00:00,11227.885
2018-08-08 00:00:00,13592.769
2018-08-08 03:00:00,13769.33
2018-08-08 06:00:00,9850.533
2018-08-08 09:00:00,8725.751
2018-08-08 12:00:00,8861.296
2018-08-08 15:00:00,10163.697
2018-08-08 18:00:00,6783.7524
2018-08-08 21:00:00,12200.604
2018-08-09 00:00:00,15000.809
2018-08-09 03:00:00,12141.6875
2018-08-09 06:00:00,10266.72
2018-08-09 09:00:00,7276.658
2018-08-09 12:00:00,10480.728
2018-08-09 15:00:00,10539.754
2018-08-09 18:00:00,10840.377
2018-08-09 21:00:00,11256.308
2018-08-10 00:00:00,11145.523
2018-08-10 03:00:00,11067.83
2018-08-10 06:00:00,11138.206
2018-08-10 09:00:00,9403.767
2018-08-10 12:00:00,8976.522
2018-08-10 15:00:00,9127.794
2018-08-10 18:00:00,9649.506
2018-08-10 21:00:00,11857.092
2018-08-11 00:00:00,12017.874
2018-08-11 03:00:00,12618.285
2018-08-11 06:00:00,11120.01
2018-08-11 09:00:00,8333.15
2018-08-11 12:00:00,11993.924
2018-08-11 15:00:00,12732.387
2018-08-11 18:00:00,11926.389
2018-08-11 21:00:00,11943.026
2018-08-12 00:00:00,13420.007
2018-08-12 03:00:00,14648.538
2018-08-12 06:00:00,13797.144
2018-08-12 09:00:00,11095.372
2018-08-12 12:00:00,13850.876
2018-08-12 15:00:00,12563.796
2018-08-12 18:00:00,11675.123
2018-08-12 21:00:00,13910.41
2018-08-13 00:00:00,14369.587
2018-08-13 03:00:00,15519.381
2018-08-13 06:00:00,8620.242
2018-08-13 09:00:00,8522.401
2018-08-13 12:00:00,11238.264
2018-08-13 15:00:00,11845.949
2018-08-13 18:00:00,12443.395
2018-08-13 21:00:00,10416.39
2018-08-14 00:00:00,13924.734
2018-08-14 03:00:00,14092.611
2018-08-14 06:00:00,11594.246
2018-08-14 09:00:00,11382.308
2018-08-14 12:00:00,14624.0625
2018-08-14 15:00:00,13777.02
2018-08-14 18:00:00,13019.674
2018-08-14 21:00:00,13611.797
2018-08-15 00:00:00,14308.338
2018-08-15 03:00:00,15149.044
2018-08-15 06:00:00,12295.09
2018-08-15 09:00:00,12321.393
2018-08-15 12:00:00,13829.321
2018-08-15 15:00:00,12278.755
2018-08-15 18:00:00,13778.444
2018-08-15 21:00:00,14850.453
2018-08-16 00:00:00,16293.312
2018-08-16 03:00:00,15675.6455
2018-08-16 06:00:00,12218.677
2018-08-16 09:00:00,11878.881
2018-08-16 12:00:00,15492.251
2018-08-16 15:00:00,13390.797
2018-08-16 18:00:00,12922.393
2018-08-16 21:00:00,11572.687
2018-08-17 00:00:00,15545.969
2018-08-17 03:00:00,16392.287
2018-08-17 06:00:00,10819.574
2018-08-17 09:00:00,10512.361
2018-08-17 12:00:00,14668.812
2018-08-17 15:00:00,12514.887
2018-08-17 18:00:00,14430.992
2018-08-17 21:00:00,13206.528
2018-08-18 00:00:00,12976.836
2018-08-18 03:00:00,12966.677
2018-08-18 06:00:00,10310.108
2018-08-18 09:00:00,8875.603
2018-08-18 12:00:00,12471.961
2018-08-18 15:00:00,12097.509
2018-08-18 18:00:00,10387.019
2018-08-18 21:00:00,13023.992
2018-08-19 00:00:00,13735.412
2018-08-19 03:00:00,13246.41
2018-08-19 06:00:00,10057.866
2018-08-19 09:00:00,10632.072
2018-08-19 12:00:00,11713.192
2018-08-19 15:00:00,12546.818
2018-08-19 18:00:00,12864.542
2018-08-19 21:00:00,14169.545
2018-08-20 00:00:00,14997.077
2018-08-20 03:00:00,15249.453
2018-08-20 06:00:00,12632.986
2018-08-20 09:00:00,12515.99
2018-08-20 12:00:00,14482.342
2018-08-20 15:00:00,14959.596
2018-08-20 18:00:00,15525.95
2018-08-20 21:00:00,15047.324
2018-08-21 00:00:00,15382.852
2018-08-21 03:00:00,16812.822
2018-08-21 06:00:00,11701.393
2018-08-21 09:00:00,12075.364
2018-08-21 12:00:00,15960.113
2018-08-21 15:00:00,18460.057
2018-08-21 18:00:00,13769.698
2018-08-21 21:00:00,15061.657
2018-08-22 00:00:00,17562.059
2018-08-22 03:00:00,15681.57
2018-08-22 06:00:00,11724.034
2018-08-22 09:00:00,11658.597
2018-08-22 12:00:00,15635.825
2018-08-22 15:00:00,15155.027
2018-08-22 18:00:00,12215.547
2018-08-22 21:00:00,14664.624
2018-08-23 00:00:00,16615.28
2018-08-23 03:00:00,16471.2
2018-08-23 06:00:00,12792.387
2018-08-23 09:00:00,12035.65
2018-08-23 12:00:00,15602.743
2018-08-23 15:00:00,13228.972
2018-08-23 18:00:00,13690.074
2018-08-23 21:00:00,13809.861
2018-08-24 00:00:00,15717.501
2018-08-24 03:00:00,14642.98
2018-08-24 06:00:00,11965.011
2018-08-24 09:00:00,11214.878
2018-08-24 12:00:00,15265.127
2018-08-24 15:00:00,11822.486
2018-08-24 18:00:00,11931.433
2018-08-24 21:00:00,13861.768
2018-08-25 00:00:00,15419.174
2018-08-25 03:00:00,15245.6
2018-08-25 06:00:00,9058.293
2018-08-25 09:00:00,10445.612
2018-08-25 12:00:00,13739.656
2018-08-25 15:00:00,11778.268
2018-08-25 18:00:00,12276.175
2018-08-25 21:00:00,11250.496
2018-08-26 00:00:00,16509.697
2018-08-26 03:00:00,16853.39
2018-08-26 06:00:00,12708.466
2018-08-26 09:00:00,11866.442
2018-08-26 12:00:00,14753.627
2018-08-26 15:00:00,11597.426
2018-08-26 18:00:00,13187.31
2018-08-26 21:00:00,13828.05
2018-08-27 00:00:00,17365.812
2018-08-27 03:00:00,16243.905
2018-08-27 06:00:00,13514.184
2018-08-27 09:00:00,11831.744
2018-08-27 12:00:00,15813.534
2018-08-27 15:00:00,15989.382
2018-08-27 18:00:00,15051.762
2018-08-27 21:00:00,16265.258
2018-08-28 00:00:00,17749.078
2018-08-28 03:00:00,16905.31
2018-08-28 06:00:00,12118.516
2018-08-28 09:00:00,11524.208
2018-08-28 12:00:00,15525.811
2018-08-28 15:00:00,12835.197
2018-08-28 18:00:00,15723.774
2018-08-28 21:00:00,13196.779
2018-08-29 00:00:00,14805.308
2018-08-29 03:00:00,16989.57
2018-08-29 06:00:00,11599.586
2018-08-29 09:00:00,13409.585
2018-08-29 12:00:00,15907.016
2018-08-29 15:00:00,15037.102
2018-08-29 18:00:00,15520.619
2018-08-29 21:00:00,14674.895
2018-08-30 00:00:00,14013.5205
2018-08-30 03:00:00,16379.657
2018-08-30 06:00:00,11509.256
2018-08-30 09:00:00,12425.365
2018-08-30 12:00:00,14435.282
2018-08-30 15:00:00,15233.71
2018-08-30 18:00:00,14756.828
2018-08-30 21:00:00,15295.903
2018-08-31 00:00:00,15099.169
2018-08-31 03:00:00,15293.88
2018-08-31 06:00:00,12303.843
2018-08-31 09:00:00,12440.969
2018-08-31 12:00:00,13511.87
2018-08-31 15:00:00,14034.953
2018-08-31 18:00:00,12875.87
2018-08-31 21:00:00,15606.783
2018-09-01 00:00:00,10756.911
2018-09-01 03:00:00,13458.241
2018-09-01 06:00:00,7528.9297
2018-09-01 09:00:00,4863.3184
2018-09-01 12:00:00,6259.465
2018-09-01 15:00:00,10622.367
2018-09-01 18:00:00,10667.946
2018-09-01 21:00:00,10214.282
2018-09-02 00:00:00,9589.6045
2018-09-02 03:00:00,11054.651
2018-09-02 06:00:00,3977.2556
2018-09-02 09:00:00,4107.0845
2018-09-02 12:00:00,7513.459
2018-09-02 15:00:00,7989.935
2018-09-02 18:00:00,5834.4463
2018-09-02 21:00:00,9548.2
2018-09-03 00:00:00,8031.4927
2018-09-03 03:00:00,7858.1143
2018-09-03 06:00:00,2550.1155
2018-09-03 09:00:00,3172.737
2018-09-03 12:00:00,5573.5776
2018-09-03 15:00:00,5494.9756
2018-09-03 18:00:00,6329.8174
2018-09-03 21:00:00,4622.1294
2018-09-04 00:00:00,5226.6826
2018-09-04 03:00:00,6797.8687
2018-09-04 06:00:00,2667.4333
2018-09-04 09:00:00,1623.2147
2018-09-04 12:00:00,4484.7485
2018-09-04 15:00:00,4497.326
2018-09-04 18:00:00,5143.1816
2018-09-04 21:00:00,3541.9573
2018-09-05 00:00:00,6968.7744
2018-09-05 03:00:00,6747.9937
2018-09-05 06:00:00,4828.665
2018-09-05 09:00:00,4494.58
2018-09-05 12:00:00,8924.036
2018-09-05 15:00:00,8285.955
2018-09-05 18:00:00,8108.4873
2018-09-05 21:00:00,6556.0913
2018-09-06 00:00:00,13727.919
2018-09-06 03:00:00,13254.25
2018-09-06 06:00:00,10023.956
2018-09-06 09:00:00,9572.617
2018-09-06 12:00:00,11200.038
2018-09-06 15:00:00,11636.446
2018-09-06 18:00:00,11121.766
2018-09-06 21:00:00,11044.789
2018-09-07 00:00:00,15084.4
2018-09-07 03:00:00,12999.137
2018-09-07 06:00:00,9305.496
2018-09-07 09:00:00,10035.07
2018-09-07 12:00:00,13636.65
2018-09-07 15:00:00,13752.486
2018-09-07 18:00:00,14342.938
2018-09-07 21:00:00,12476.742
2018-09-08 00:00:00,15366.574
2018-09-08 03:00:00,15210.873
2018-09-08 06:00:00,10818.528
2018-09-08 09:00:00,11141.494
2018-09-08 12:00:00,14262.102
2018-09-08 15:00:00,11570.512
2018-09-08 18:00:00,14806.415
2018-09-08 21:00:00,14158.22
2018-09-09 00:00:00,15111.542
2018-09-09 03:00:00,14935.665
2018-09-09 06:00:00,11707.197
2018-09-09 09:00:00,11290.831
2018-09-09 12:00:00,13529.929
2018-09-09 15:00:00,15444.416
2018-09-09 18:00:00,14165.462
2018-09-09 21:00:00,13047.754
2018-09-10 00:00:00,14683.003
2018-09-10 03:00:00,14515.795
2018-09-10 06:00:00,11207.307
2018-09-10 09:00:00,10696.99
2018-09-10 12:00:00,10732.789
2018-09-10 15:00:00,10297.899
2018-09-10 18:00:00,10837.61
2018-09-10 21:00:00,11025.06
2018-09-11 00:00:00,13801.008
2018-09-11 03:00:00,13547.425
2018-09-11 06:00:00,10848.829
2018-09-11 09:00:00,11365.707
2018-09-11 12:00:00,11631.708
2018-09-11 15:00:00,11128.305
2018-09-11 18:00:00,12685.509
2018-09-11 21:00:00,11214.964
2018-09-12 00:00:00,16327.095
2018-09-12 03:00:00,14007.92
2018-09-12 06:00:00,10438.833
2018-09-12 09:00:00,10192.606
2018-09-12 12:00:00,13082.487
2018-09-12 15:00:00,13644.595
2018-09-12 18:00:00,13605.392
2018-09-12 21:00:00,13484.665
2018-09-13 00:00:00,15733.146
2018-09-13 03:00:00,14993.721
2018-09-13 06:00:00,12521.6875
2018-09-13 09:00:00,10559.4795
2018-09-13 12:00:00,14400.007
2018-09-13 15:00:00,15393.219
2018-09-13 18:00:00,16038.985
2018-09-13 21:00:00,14877.421
2018-09-14 00:00:00,14801.903
2018-09-14 03:00:00,15078.118
2018-09-14 06:00:00,11834.539
2018-09-14 09:00:00,11653.795
2018-09-14 12:00:00,13980.926
2018-09-14 15:00:00,14223.347
2018-09-14 18:00:00,12752.856
2018-09-14 21:00:00,13742.714
2018-09-15 00:00:00,15664.565
2018-09-15 03:00:00,14589.177
2018-09-15 06:00:00,12523.194
2018-09-15 09:00:00,12049.696
2018-09-15 12:00:00,13875.448
2018-09-15 15:00:00,13251.729
2018-09-15 18:00:00,13399.565
2018-09-15 21:00:00,14323.357
2018-09-16 00:00:00,15634.969
2018-09-16 03:00:00,15337.431
2018-09-16 06:00:00,11558.6045
2018-09-16 09:00:00,11315.111
2018-09-16 12:00:00,12332.262
2018-09-16 15:00:00,14903.028
2018-09-16 18:00:00,16513.676
2018-09-16 21:00:00,13862.707
2018-09-17 00:00:00,14228.48
2018-09-17 03:00:00,13974.74
2018-09-17 06:00:00,11612.81
2018-09-17 09:00:00,9468.013
2018-09-17 12:00:00,15212.47
2018-09-17 15:00:00,14889.598
2018-09-17 18:00:00,14778.063
2018-09-17 21:00:00,15090.091
2018-09-18 00:00:00,14668.45
2018-09-18 03:00:00,13892.713
2018-09-18 06:00:00,11344.85
2018-09-18 09:00:00,11825.679
2018-09-18 12:00:00,14828.397
2018-09-18 15:00:00,16099.022
2018-09-18 18:00:00,15084.122
2018-09-18 21:00:00,14962.057
2018-09-19 00:00:00,15719.88
2018-09-19 03:00:00,15487.532
2018-09-19 06:00:00,10764.111
2018-09-19 09:00:00,10577.731
2018-09-19 12:00:00,13633.824
2018-09-19 15:00:00,14811.224
2018-09-19 18:00:00,15328.263
2018-09-19 21:00:00,14785.9
2018-09-20 00:00:00,13427.77
2018-09-20 03:00:00,15055.422
2018-09-20 06:00:00,10745.152
2018-09-20 09:00:00,11904.5205
2018-09-20 12:00:00,14883.073
2018-09-20 15:00:00,15420.21
2018-09-20 18:00:00,15244.658
2018-09-20 21:00:00,14752.076
2018-09-21 00:00:00,14981.901
2018-09-21 03:00:00,13980.802
2018-09-21 06:00:00,11849.678
2018-09-21 09:00:00,11363.575
2018-09-21 12:00:00,14610.654
2018-09-21 15:00:00,14941.441
2018-09-21 18:00:00,15766.033
2018-09-21 21:00:00,14546.495
2018-09-22 00:00:00,15401.469
2018-09-22 03:00:00,14011.319
2018-09-22 06:00:00,12298.592
2018-09-22 09:00:00,12773.418
2018-09-22 12:00:00,14371.84
2018-09-22 15:00:00,14091.011
2018-09-22 18:00:00,13010.551
2018-09-22 21:00:00,12498.455
2018-09-23 00:00:00,15032.053
2018-09-23 03:00:00,13684.05
2018-09-23 06:00:00,11364.423
2018-09-23 09:00:00,10276.642
2018-09-23 12:00:00,12441.297
2018-09-23 15:00:00,14527.8545
2018-09-23 18:00:00,13774.541
2018-09-23 21:00:00,12411.022
2018-09-24 00:00:00,14711.224
2018-09-24 03:00:00,14863.19
2018-09-24 06:00:00,11439.071
2018-09-24 09:00:00,10036.103
2018-09-24 12:00:00,10821.246
2018-09-24 15:00:00,12544.686
2018-09-24 18:00:00,11000.694
2018-09-24 21:00:00,10889.765
2018-09-25 00:00:00,13628.942
2018-09-25 03:00:00,12754.911
2018-09-25 06:00:00,9685.247
2018-09-25 09:00:00,7710.389
2018-09-25 12:00:00,9303.978
2018-09-25 15:00:00,12787.336
2018-09-25 18:00:00,11880.533
2018-09-25 21:00:00,11515.278
2018-09-26 00:00:00,11529.205
2018-09-26 03:00:00,13239.826
2018-09-26 06:00:00,9534.067
2018-09-26 09:00:00,8460.839
2018-09-26 12:00:00,8545.657
2018-09-26 15:00:00,12365.103
2018-09-26 18:00:00,12496.947
2018-09-26 21:00:00,12113.827
2018-09-27 00:00:00,13762.845
2018-09-27 03:00:00,13764.578
2018-09-27 06:00:00,11002.487
2018-09-27 09:00:00,11262.568
2018-09-27 12:00:00,10355.449
2018-09-27 15:00:00,14252.543
2018-09-27 18:00:00,12730.829
2018-09-27 21:00:00,14954.414
2018-09-28 00:00:00,14582.799
2018-09-28 03:00:00,15564.796
2018-09-28 06:00:00,11149.5205
2018-09-28 09:00:00,10294.158
2018-09-28 12:00:00,14654.756
2018-09-28 15:00:00,13942.629
2018-09-28 18:00:00,15576.634
2018-09-28 21:00:00,14269.79
2018-09-29 00:00:00,14498.816
2018-09-29 03:00:00,15761.578
2018-09-29 06:00:00,8188.664
2018-09-29 09:00:00,8914.737
2018-09-29 12:00:00,13768.225
2018-09-29 15:00:00,15202.429
2018-09-29 18:00:00,15597.409
2018-09-29 21:00:00,14590.723
2018-09-30 00:00:00,15791.748
2018-09-30 03:00:00,14485.369
2018-09-30 06:00:00,11112.908
2018-09-30 09:00:00,9436.967
2018-09-30 12:00:00,15693.017
2018-09-30 15:00:00,16190.952
2018-09-30 18:00:00,12307.914
2018-09-30 21:00:00,13878.521
2018-10-01 00:00:00,12286.836
2018-10-01 03:00:00,7290.7495
2018-10-01 06:00:00,6137.649
2018-10-01 09:00:00,6653.0815
2018-10-01 12:00:00,9989.578
2018-10-01 15:00:00,11970.616
2018-10-01 18:00:00,11498.158
2018-10-01 21:00:00,10491.832
2018-10-02 00:00:00,10865.93
2018-10-02 03:00:00,10746.531
2018-10-02 06:00:00,4895.197
2018-10-02 09:00:00,2494.4585
2018-10-02 12:00:00,9155.94
2018-10-02 15:00:00,6524.338
2018-10-02 18:00:00,9128.041
2018-10-02 21:00:00,8103.4907
2018-10-03 00:00:00,8649.168
2018-10-03 03:00:00,9824.544
2018-10-03 06:00:00,6035.1265
2018-10-03 09:00:00,3004.778
2018-10-03 12:00:00,7921.1675
2018-10-03 15:00:00,7000.104
2018-10-03 18:00:00,6382.896
2018-10-03 21:00:00,6621.3384
2018-10-04 00:00:00,7460.8804
2018-10-04 03:00:00,7861.319
2018-10-04 06:00:00,5163.1904
2018-10-04 09:00:00,5359.546
2018-10-04 12:00:00,8052.8496
2018-10-04 15:00:00,6806.82
2018-10-04 18:00:00,8337.785
2018-10-04 21:00:00,7738.2886
2018-10-05 00:00:00,7355.6484
2018-10-05 03:00:00,8415.316
2018-10-05 06:00:00,7187.906
2018-10-05 09:00:00,4601.198
2018-10-05 12:00:00,9200.6045
2018-10-05 15:00:00,6905.7856
2018-10-05 18:00:00,7349.1973
2018-10-05 21:00:00,9124.444
2018-10-06 00:00:00,11333.229
2018-10-06 03:00:00,11240.61
2018-10-06 06:00:00,8367.487
2018-10-06 09:00:00,7823.974
2018-10-06 12:00:00,11361.19
2018-10-06 15:00:00,10223.518
2018-10-06 18:00:00,9529.724
2018-10-06 21:00:00,10255.5205
2018-10-07 00:00:00,11247.304
2018-10-07 03:00:00,10748.358
2018-10-07 06:00:00,7288.406
2018-10-07 09:00:00,6067.2935
2018-10-07 12:00:00,9491.925
2018-10-07 15:00:00,9349.6
2018-10-07 18:00:00,10276.812
2018-10-07 21:00:00,11861.49
2018-10-08 00:00:00,12946.796
2018-10-08 03:00:00,13445.219
2018-10-08 06:00:00,9308.245
2018-10-08 09:00:00,7713.4414
2018-10-08 12:00:00,11247.9375
2018-10-08 15:00:00,11657.09
2018-10-08 18:00:00,12076.477
2018-10-08 21:00:00,11875.738
2018-10-09 00:00:00,13822.587
2018-10-09 03:00:00,12155.394
2018-10-09 06:00:00,7709.274
2018-10-09 09:00:00,7275.8066
2018-10-09 12:00:00,13754.875
2018-10-09 15:00:00,12274.885
2018-10-09 18:00:00,9354.524
2018-10-09 21:00:00,11407.595
2018-10-10 00:00:00,12251.036
2018-10-10 03:00:00,12336.332
2018-10-10 06:00:00,6865.3975
2018-10-10 09:00:00,7473.662
2018-10-10 12:00:00,9727.054
2018-10-10 15:00:00,10426.224
2018-10-10 18:00:00,10563.7295
2018-10-10 21:00:00,12649.43
2018-10-11 00:00:00,12352.145
2018-10-11 03:00:00,11811.445
2018-10-11 06:00:00,6227.716
2018-10-11 09:00:00,6265.5767
2018-10-11 12:00:00,9197.933
2018-10-11 15:00:00,10918.655
2018-10-11 18:00:00,11326.011
2018-10-11 21:00:00,13056.3545
2018-10-12 00:00:00,12982.8545
2018-10-12 03:00:00,13089.592
2018-10-12 06:00:00,9109.578
2018-10-12 09:00:00,9473.362
2018-10-12 12:00:00,12728.533
2018-10-12 15:00:00,14296.42
2018-10-12 18:00:00,15096.141
2018-10-12 21:00:00,14596.048
2018-10-13 00:00:00,15034.474
2018-10-13 03:00:00,14913.583
2018-10-13 06:00:00,8885.235
2018-10-13 09:00:00,7496.9463
2018-10-13 12:00:00,11557.149
2018-10-13 15:00:00,13199.999
2018-10-13 18:00:00,14733.205
2018-10-13 21:00:00,12495.438
2018-10-14 00:00:00,12651.013
2018-10-14 03:00:00,9199.098
2018-10-14 06:00:00,7233.6797
2018-10-14 09:00:00,5400.2593
2018-10-14 12:00:00,8587.562
2018-10-14 15:00:00,11252.427
2018-10-14 18:00:00,10171.97
2018-10-14 21:00:00,9225.121
2018-10-15 00:00:00,10650.675
2018-10-15 03:00:00,13627.556
2018-10-15 06:00:00,8649.422
2018-10-15 09:00:00,4869.6504
2018-10-15 12:00:00,10029.946
2018-10-15 15:00:00,13481.733
2018-10-15 18:00:00,12939.143
2018-10-15 21:00:00,10311.873
2018-10-16 00:00:00,11801.515
2018-10-16 03:00:00,12661.867
2018-10-16 06:00:00,9691.026
2018-10-16 09:00:00,8755.529
2018-10-16 12:00:00,13855.241
2018-10-16 15:00:00,11337.478
2018-10-16 18:00:00,14365.856
2018-10-16 21:00:00,14241.058
2018-10-17 00:00:00,14380.291
2018-10-17 03:00:00,14052.184
2018-10-17 06:00:00,9915.834
2018-10-17 09:00:00,8394.58
2018-10-17 12:00:00,13044.651
2018-10-17 15:00:00,12688.389
2018-10-17 18:00:00,12832.214
2018-10-17 21:00:00,14473.384
2018-10-18 00:00:00,12784.083
2018-10-18 03:00:00,13340.099
2018-10-18 06:00:00,7797.574
2018-10-18 09:00:00,8565.836
2018-10-18 12:00:00,9398.26
2018-10-18 15:00:00,12466.232
2018-10-18 18:00:00,12558.58
2018-10-18 21:00:00,14282.063
2018-10-19 00:00:00,12628.428
2018-10-19 03:00:00,11125.462
2018-10-19 06:00:00,9231.176
2018-10-19 09:00:00,9916.685
2018-10-19 12:00:00,11955.16
2018-10-19 15:00:00,14477.062
2018-10-19 18:00:00,14773.522
2018-10-19 21:00:00,14098.41
2018-10-20 00:00:00,15025.817
2018-10-20 03:00:00,14648.1455
2018-10-20 06:00:00,10714.954
2018-10-20 09:00:00,9287.554
2018-10-20 12:00:00,12810.125
2018-10-20 15:00:00,14284.828
2018-10-20 18:00:00,12527.212
2018-10-20 21:00:00,13525.757
2018-10-21 00:00:00,13705.4795
2018-10-21 03:00:00,13600.054
2018-10-21 06:00:00,10868.875
2018-10-21 09:00:00,8213.341
2018-10-21 12:00:00,12685.09
2018-10-21 15:00:00,16056.331
2018-10-21 18:00:00,14186.94
2018-10-21 21:00:00,13859.617
2018-10-22 00:00:00,14340.533
2018-10-22 03:00:00,13934.475
2018-10-22 06:00:00,9453.402
2018-10-22 09:00:00,9097.532
2018-10-22 12:00:00,10250.251
2018-10-22 15:00:00,12691.726
2018-10-22 18:00:00,12604.056
2018-10-22 21:00:00,11182.069
2018-10-23 00:00:00,14349.478
2018-10-23 03:00:00,15221.707
2018-10-23 06:00:00,11210.6875
2018-10-23 09:00:00,8647.765
2018-10-23 12:00:00,12662.757
2018-10-23 15:00:00,13576.402
2018-10-23 18:00:00,13862.456
2018-10-23 21:00:00,12276.446
2018-10-24 00:00:00,13595.958
2018-10-24 03:00:00,14203.513
2018-10-24 06:00:00,9229.274
2018-10-24 09:00:00,7964.0317
2018-10-24 12:00:00,11082.692
2018-10-24 15:00:00,13432.103
2018-10-24 18:00:00,14213.997
2018-10-24 21:00:00,13863.474
2018-10-25 00:00:00,14485.919
2018-10-25 03:00:00,14534.083
2018-10-25 06:00:00,10587.071
2018-10-25 09:00:00,9182.255
2018-10-25 12:00:00,13445.528
2018-10-25 15:00:00,13983.007
2018-10-25 18:00:00,13847.645
2018-10-25 21:00:00,13846.177
2018-10-26 00:00:00,14440.356
2018-10-26 03:00:00,14494.311
2018-10-26 06:00:00,9571.959
2018-10-26 09:00:00,8333.561
2018-10-26 12:00:00,10630.498
2018-10-26 15:00:00,14690.204
2018-10-26 18:00:00,15059.66
2018-10-26 21:00:00,12439.829
2018-10-27 00:00:00,13952.881
2018-10-27 03:00:00,12242.28
2018-10-27 06:00:00,8254.205
2018-10-27 09:00:00,8054.941
2018-10-27 12:00:00,11724.391
2018-10-27 15:00:00,14724.755
2018-10-27 18:00:00,13950.176
2018-10-27 21:00:00,13821.183
2018-10-28 00:00:00,12952.574
2018-10-28 03:00:00,14149.035
2018-10-28 06:00:00,9261.173
2018-10-28 09:00:00,5630.5957
2018-10-28 12:00:00,11814.04
2018-10-28 15:00:00,12959.184
2018-10-28 18:00:00,12797.576
2018-10-28 21:00:00,12116.557
2018-10-29 00:00:00,13679.412
2018-10-29 03:00:00,13230.172
2018-10-29 06:00:00,1572.7338
2018-10-29 09:00:00,-1451.1608
2018-10-29 12:00:00,1765.2085
2018-10-29 15:00:00,6706.0156
2018-10-29 18:00:00,10706.584
2018-10-29 21:00:00,10333.773
2018-10-30 00:00:00,10254.011
2018-10-30 03:00:00,9748.069
2018-10-30 06:00:00,6326.025
2018-10-30 09:00:00,2355.5823
2018-10-30 12:00:00,7296.2275
2018-10-30 15:00:00,15978.534
2018-10-30 18:00:00,13617.448
2018-10-30 21:00:00,15458.116
2018-10-31 00:00:00,13950.652
2018-10-31 03:00:00,13392.347
2018-10-31 06:00:00,6157.4644
2018-10-31 09:00:00,4135.1597
2018-10-31 12:00:00,7641.8374
2018-10-31 15:00:00,7419.348
2018-10-31 18:00:00,12673.843
2018-10-31 21:00:00,14297.297
2018-11-01 00:00:00,8910.183
2018-11-01 03:00:00,8630.273
2018-11-01 06:00:00,5454.8413
2018-11-01 09:00:00,3069.998
2018-11-01 12:00:00,8207.366
2018-11-01 15:00:00,11053.895
2018-11-01 18:00:00,11836.058
2018-11-01 21:00:00,10683.339
2018-11-02 00:00:00,13261.021
2018-11-02 03:00:00,12166.779
2018-11-02 06:00:00,4433.4536
2018-11-02 09:00:00,5067.6704
2018-11-02 12:00:00,8856.729
2018-11-02 15:00:00,10789.207
2018-11-02 18:00:00,10774.238
2018-11-02 21:00:00,10099.283
2018-11-03 00:00:00,10615.352
2018-11-03 03:00:00,10260.616
2018-11-03 06:00:00,7244.1885
2018-11-03 09:00:00,5235.272
2018-11-03 12:00:00,10047.089
2018-11-03 15:00:00,10065.527
2018-11-03 18:00:00,8952.032
2018-11-03 21:00:00,8623.325
2018-11-04 00:00:00,9285.849
2018-11-04 03:00:00,5476.077
2018-11-04 06:00:00,3481.0676
2018-11-04 09:00:00,834.322
2018-11-04 12:00:00,5592.0645
2018-11-04 15:00:00,5549.662
2018-11-04 18:00:00,6598.6694
2018-11-04 21:00:00,6523.9355
2018-11-05 00:00:00,7030.494
2018-11-05 03:00:00,7554.328
2018-11-05 06:00:00,5710.316
2018-11-05 09:00:00,5158.9453
2018-11-05 12:00:00,7724.572
2018-11-05 15:00:00,8503.082
2018-11-05 18:00:00,8061.1763
2018-11-05 21:00:00,6042.8784
2018-11-06 00:00:00,9004.766
2018-11-06 03:00:00,9369.102
2018-11-06 06:00:00,7613.0557
2018-11-06 09:00:00,7488.4204
2018-11-06 12:00:00,7509.9033
2018-11-06 15:00:00,9462.286
2018-11-06 18:00:00,10407.111
2018-11-06 21:00:00,8314.306
2018-11-07 00:00:00,11894.73
2018-11-07 03:00:00,11061.735
2018-11-07 06:00:00,6846.274
2018-11-07 09:00:00,7130.0283
2018-11-07 12:00:00,10195.694
2018-11-07 15:00:00,12217.231
2018-11-07 18:00:00,12021.465
2018-11-07 21:00:00,12668.548
2018-11-08 00:00:00,14278.7
2018-11-08 03:00:00,14422.282
2018-11-08 06:00:00,11411.776
2018-11-08 09:00:00,6790.096
2018-11-08 12:00:00,10030.568
2018-11-08 15:00:00,11741.13
2018-11-08 18:00:00,11539.805
2018-11-08 21:00:00,10400.075
2018-11-09 00:00:00,10932.814
2018-11-09 03:00:00,10807.746
2018-11-09 06:00:00,7037.202
2018-11-09 09:00:00,6713.989
2018-11-09 12:00:00,9506.221
2018-11-09 15:00:00,8057.5825
2018-11-09 18:00:00,9428.2
2018-11-09 21:00:00,8220.0205
2018-11-10 00:00:00,10003.941
2018-11-10 03:00:00,11973.772
2018-11-10 06:00:00,8340.069
2018-11-10 09:00:00,7920.0376
2018-11-10 12:00:00,10647.368
2018-11-10 15:00:00,12084.162
2018-11-10 18:00:00,12061.111
2018-11-10 21:00:00,10526.896
2018-11-11 00:00:00,10476.475
2018-11-11 03:00:00,10403.421
2018-11-11 06:00:00,6436.8076
2018-11-11 09:00:00,5131.195
2018-11-11 12:00:00,10229.856
2018-11-11 15:00:00,10486.167
2018-11-11 18:00:00,11183.058
2018-11-11 21:00:00,12446.01
2018-11-12 00:00:00,14221.285
2018-11-12 03:00:00,14190.183
2018-11-12 06:00:00,10354.671
2018-11-12 09:00:00,7778.821
2018-11-12 12:00:00,12694.488
2018-11-12 15:00:00,13906.758
2018-11-12 18:00:00,13848.044
2018-11-12 21:00:00,15124.065
2018-11-13 00:00:00,13812.768
2018-11-13 03:00:00,14870.3
2018-11-13 06:00:00,9711.243
2018-11-13 09:00:00,8149.9653
2018-11-13 12:00:00,11733.343
2018-11-13 15:00:00,12774.665
2018-11-13 18:00:00,13814.695
2018-11-13 21:00:00,13632.9375
2018-11-14 00:00:00,13451.882
2018-11-14 03:00:00,13691.169
2018-11-14 06:00:00,10785.534
2018-11-14 09:00:00,8393.687
2018-11-14 12:00:00,11848.266
2018-11-14 15:00:00,16218.341
2018-11-14 18:00:00,15457.05
2018-11-14 21:00:00,14194.885
2018-11-15 00:00:00,14750.224
2018-11-15 03:00:00,13549.921
2018-11-15 06:00:00,10619.179
2018-11-15 09:00:00,9430.493
2018-11-15 12:00:00,12475.065
2018-11-15 15:00:00,14531.853
2018-11-15 18:00:00,14522.63
2018-11-15 21:00:00,14243.295
2018-11-16 00:00:00,14535.593
2018-11-16 03:00:00,14550.001
2018-11-16 06:00:00,10221.599
2018-11-16 09:00:00,8865.086
2018-11-16 12:00:00,12205.191
2018-11-16 15:00:00,16866.404
2018-11-16 18:00:00,14928.281
2018-11-16 21:00:00,14078.696
2018-11-17 00:00:00,14898.919
2018-11-17 03:00:00,15031.881
2018-11-17 06:00:00,11248.579
2018-11-17 09:00:00,6844.4385
2018-11-17 12:00:00,10013.44
2018-11-17 15:00:00,14123.658
2018-11-17 18:00:00,11871.48
2018-11-17 21:00:00,13539.345
2018-11-18 00:00:00,11256.484
2018-11-18 03:00:00,12195.268
2018-11-18 06:00:00,9300.351
2018-11-18 09:00:00,1322.7264
2018-11-18 12:00:00,7629.6313
2018-11-18 15:00:00,12835.447
2018-11-18 18:00:00,11088.222
2018-11-18 21:00:00,10955.351
2018-11-19 00:00:00,9995.425
2018-11-19 03:00:00,10129.257
2018-11-19 06:00:00,4168.327
2018-11-19 09:00:00,2927.6616
2018-11-19 12:00:00,8903.255
2018-11-19 15:00:00,11081.702
2018-11-19 18:00:00,14985.276
2018-11-19 21:00:00,12638.243
2018-11-20 00:00:00,13416.451
2018-11-20 03:00:00,11464.753
2018-11-20 06:00:00,7008.6763
2018-11-20 09:00:00,4492.9277
2018-11-20 12:00:00,8062.3115
2018-11-20 15:00:00,8796.162
2018-11-20 18:00:00,11314.935
2018-11-20 21:00:00,12926.474
2018-11-21 00:00:00,10438.088
2018-11-21 03:00:00,11061.645
2018-11-21 06:00:00,5909.514
2018-11-21 09:00:00,3750.318
2018-11-21 12:00:00,7250.185
2018-11-21 15:00:00,12038.957
2018-11-21 18:00:00,14640.275
2018-11-21 21:00:00,14091.753
2018-11-22 00:00:00,15241.73
2018-11-22 03:00:00,15545.966
2018-11-22 06:00:00,11136.03
2018-11-22 09:00:00,9166.444
2018-11-22 12:00:00,10090.02
2018-11-22 15:00:00,15431.505
2018-11-22 18:00:00,16977.697
2018-11-22 21:00:00,16159.459
2018-11-23 00:00:00,14471.48
2018-11-23 03:00:00,12667.995
2018-11-23 06:00:00,5791.8784
2018-11-23 09:00:00,4223.059
2018-11-23 12:00:00,8805.05
2018-11-23 15:00:00,10968.181
2018-11-23 18:00:00,11272.499
2018-11-23 21:00:00,14194.573
2018-11-24 00:00:00,14565.694
2018-11-24 03:00:00,14376.096
2018-11-24 06:00:00,8442.216
2018-11-24 09:00:00,9488.076
2018-11-24 12:00:00,13443.265
2018-11-24 15:00:00,13501.249
2018-11-24 18:00:00,14407.302
2018-11-24 21:00:00,14464.158
2018-11-25 00:00:00,12700.91
2018-11-25 03:00:00,10904.835
2018-11-25 06:00:00,3987.251
2018-11-25 09:00:00,2218.804
2018-11-25 12:00:00,6266.6597
2018-11-25 15:00:00,7733.1245
2018-11-25 18:00:00,13309.916
2018-11-25 21:00:00,8568.473
2018-11-26 00:00:00,10412.864
2018-11-26 03:00:00,9039.918
2018-11-26 06:00:00,4219.5815
2018-11-26 09:00:00,1403.3088
2018-11-26 12:00:00,3838.3413
2018-11-26 15:00:00,9325.872
2018-11-26 18:00:00,11473.763
2018-11-26 21:00:00,11497.617
2018-11-27 00:00:00,11294.751
2018-11-27 03:00:00,11644.047
2018-11-27 06:00:00,11142.134
2018-11-27 09:00:00,8517.707
2018-11-27 12:00:00,10309.103
2018-11-27 15:00:00,14802.326
2018-11-27 18:00:00,16735.324
2018-11-27 21:00:00,18555.764
2018-11-28 00:00:00,16080.073
2018-11-28 03:00:00,15320.824
2018-11-28 06:00:00,9170.689
2018-11-28 09:00:00,7102.9297
2018-11-28 12:00:00,12309.679
2018-11-28 15:00:00,14141.122
2018-11-28 18:00:00,14729.025
2018-11-28 21:00:00,15905.933
2018-11-29 00:00:00,14751.583
2018-11-29 03:00:00,13522.271
2018-11-29 06:00:00,6320.935
2018-11-29 09:00:00,6199.307
2018-11-29 12:00:00,10941.416
2018-11-29 15:00:00,13176.002
2018-11-29 18:00:00,16717.86
2018-11-29 21:00:00,16681.662
2018-11-30 00:00:00,16126.736
2018-11-30 03:00:00,13966.481
2018-11-30 06:00:00,9030.111
2018-11-30 09:00:00,5432.5635
2018-11-30 12:00:00,7527.6914
2018-11-30 15:00:00,11406.653
2018-11-30 18:00:00,14721.888
2018-11-30 21:00:00,13335.756
2018-12-01 00:00:00,12524.203
2018-12-01 03:00:00,13025.714
2018-12-01 06:00:00,8769.66
2018-12-01 09:00:00,7577.24
2018-12-01 12:00:00,12040.922
2018-12-01 15:00:00,10617.855
2018-12-01 18:00:00,13289.114
2018-12-01 21:00:00,10616.861
2018-12-02 00:00:00,11995.8
2018-12-02 03:00:00,12955.49
2018-12-02 06:00:00,7385.4307
2018-12-02 09:00:00,6101.5874
2018-12-02 12:00:00,10909.2
2018-12-02 15:00:00,10937.614
2018-12-02 18:00:00,11103.851
2018-12-02 21:00:00,8694.898
2018-12-03 00:00:00,10342.066
2018-12-03 03:00:00,9064.266
2018-12-03 06:00:00,7778.641
2018-12-03 09:00:00,7421.844
2018-12-03 12:00:00,10279.562
2018-12-03 15:00:00,9771.556
2018-12-03 18:00:00,9523.384
2018-12-03 21:00:00,9989.005
2018-12-04 00:00:00,9570.405
2018-12-04 03:00:00,9793.52
2018-12-04 06:00:00,8891.992
2018-12-04 09:00:00,4118.5674
2018-12-04 12:00:00,8632.319
2018-12-04 15:00:00,10535.888
2018-12-04 18:00:00,9339.457
2018-12-04 21:00:00,10062.355
2018-12-05 00:00:00,10564.029
2018-12-05 03:00:00,10225.51
2018-12-05 06:00:00,8909.855
2018-12-05 09:00:00,4979.0425
2018-12-05 12:00:00,9597.03
2018-12-05 15:00:00,8613.243
2018-12-05 18:00:00,8584.022
2018-12-05 21:00:00,10011.453
2018-12-06 00:00:00,13432.665
2018-12-06 03:00:00,13270.391
2018-12-06 06:00:00,9301.4795
2018-12-06 09:00:00,8576.372
2018-12-06 12:00:00,10128.562
2018-12-06 15:00:00,11085.833
2018-12-06 18:00:00,11972.271
2018-12-06 21:00:00,14036.7705
2018-12-07 00:00:00,17230.287
2018-12-07 03:00:00,18187.3
2018-12-07 06:00:00,13525.525
2018-12-07 09:00:00,10980.642
2018-12-07 12:00:00,12442.947
2018-12-07 15:00:00,11159.469
2018-12-07 18:00:00,13681.488
2018-12-07 21:00:00,15281.765
2018-12-08 00:00:00,15851.765
2018-12-08 03:00:00,15706.2705
2018-12-08 06:00:00,9307.487
2018-12-08 09:00:00,7895.4297
2018-12-08 12:00:00,10417.179
2018-12-08 15:00:00,11109.682
2018-12-08 18:00:00,12221.831
2018-12-08 21:00:00,14410.76
2018-12-09 00:00:00,16229.323
2018-12-09 03:00:00,16154.637
2018-12-09 06:00:00,9307.162
2018-12-09 09:00:00,7509.387
2018-12-09 12:00:00,7630.5913
2018-12-09 15:00:00,9601.182
2018-12-09 18:00:00,10146.714
2018-12-09 21:00:00,11480.271
2018-12-10 00:00:00,12774.988
2018-12-10 03:00:00,13550.494
2018-12-10 06:00:00,9889.916
2018-12-10 09:00:00,6195.8457
2018-12-10 12:00:00,9936.251
2018-12-10 15:00:00,13142.512
2018-12-10 18:00:00,13681.821
2018-12-10 21:00:00,15581.945
2018-12-11 00:00:00,15581.583
2018-12-11 03:00:00,17398.379
2018-12-11 06:00:00,11039.7
2018-12-11 09:00:00,8832.981
2018-12-11 12:00:00,15020.243
2018-12-11 15:00:00,16174.58
2018-12-11 18:00:00,16035.156
2018-12-11 21:00:00,16371.26
2018-12-12 00:00:00,14205.881
2018-12-12 03:00:00,16535.564
2018-12-12 06:00:00,9554.399
2018-12-12 09:00:00,6532.3467
2018-12-12 12:00:00,11958.43
2018-12-12 15:00:00,16821.371
2018-12-12 18:00:00,17853.654
2018-12-12 21:00:00,15261.412
2018-12-13 00:00:00,13913.189
2018-12-13 03:00:00,10935.703
2018-12-13 06:00:00,5141.074
2018-12-13 09:00:00,1303.2336
2018-12-13 12:00:00,8215.185
2018-12-13 15:00:00,10623.734
2018-12-13 18:00:00,8045.8926
2018-12-13 21:00:00,12956.861
2018-12-14 00:00:00,9689.709
2018-12-14 03:00:00,10786.425
2018-12-14 06:00:00,2737.2834
2018-12-14 09:00:00,908.503
2018-12-14 12:00:00,6221.7065
2018-12-14 15:00:00,12101.766
2018-12-14 18:00:00,15454.079
2018-12-14 21:00:00,19391.05
2018-12-15 00:00:00,18528.064
2018-12-15 03:00:00,17121.518
2018-12-15 06:00:00,10447.787
2018-12-15 09:00:00,6747.958
2018-12-15 12:00:00,13743.301
2018-12-15 15:00:00,15236.375
2018-12-15 18:00:00,15460.231
2018-12-15 21:00:00,14926.361
2018-12-16 00:00:00,16654.562
2018-12-16 03:00:00,15154.256
2018-12-16 06:00:00,8894.622
2018-12-16 09:00:00,7586.94
2018-12-16 12:00:00,13215.042
2018-12-16 15:00:00,11009.323
2018-12-16 18:00:00,10732.293
2018-12-16 21:00:00,16383.601
2018-12-17 00:00:00,13406.312
2018-12-17 03:00:00,14898.409
2018-12-17 06:00:00,11369.273
2018-12-17 09:00:00,10370.016
2018-12-17 12:00:00,13710.396
2018-12-17 15:00:00,15240.086
2018-12-17 18:00:00,18359.576
2018-12-17 21:00:00,17324.844
2018-12-18 00:00:00,16325.488
2018-12-18 03:00:00,15023.717
2018-12-18 06:00:00,8448.969
2018-12-18 09:00:00,6592.4556
2018-12-18 12:00:00,12344.468
2018-12-18 15:00:00,15948.314
2018-12-18 18:00:00,18724.463
2018-12-18 21:00:00,18483.041
2018-12-19 00:00:00,16466.121
2018-12-19 03:00:00,15981.157
2018-12-19 06:00:00,12280.297
2018-12-19 09:00:00,4279.337
2018-12-19 12:00:00,9640.554
2018-12-19 15:00:00,14521.445
2018-12-19 18:00:00,18039.854
2018-12-19 21:00:00,20453.658
2018-12-20 00:00:00,17998.307
2018-12-20 03:00:00,18922.19
2018-12-20 06:00:00,12798.377
2018-12-20 09:00:00,8886.974
2018-12-20 12:00:00,12070.096
2018-12-20 15:00:00,15552.584
2018-12-20 18:00:00,16400.018
2018-12-20 21:00:00,18720.172
2018-12-21 00:00:00,16448.791
2018-12-21 03:00:00,15709.109
2018-12-21 06:00:00,7429.585
2018-12-21 09:00:00,5842.694
2018-12-21 12:00:00,11525.997
2018-12-21 15:00:00,14274.143
2018-12-21 18:00:00,16807.018
2018-12-21 21:00:00,19495.885
2018-12-22 00:00:00,16961.162
2018-12-22 03:00:00,16939.127
2018-12-22 06:00:00,11599.267
2018-12-22 09:00:00,6920.783
2018-12-22 12:00:00,12407.132
2018-12-22 15:00:00,12536.1455
2018-12-22 18:00:00,16469.768
2018-12-22 21:00:00,17957.52
2018-12-23 00:00:00,18065.738
2018-12-23 03:00:00,15357.577
2018-12-23 06:00:00,11275.671
2018-12-23 09:00:00,10094.674
2018-12-23 12:00:00,14016.75
2018-12-23 15:00:00,15461.358
2018-12-23 18:00:00,16528.637
2018-12-23 21:00:00,17911.172
2018-12-24 00:00:00,17869.768
2018-12-24 03:00:00,18004.852
2018-12-24 06:00:00,11336.323
2018-12-24 09:00:00,9391.098
2018-12-24 12:00:00,12685.262
2018-12-24 15:00:00,14444.931
2018-12-24 18:00:00,17637.877
2018-12-24 21:00:00,19033.316
2018-12-25 00:00:00,16693.828
2018-12-25 03:00:00,16105.711
2018-12-25 06:00:00,11015.633
2018-12-25 09:00:00,7265.3154
2018-12-25 12:00:00,15438.165
2018-12-25 15:00:00,18477.941
2018-12-25 18:00:00,17928.117
2018-12-25 21:00:00,19411.482
2018-12-26 00:00:00,17263.006
2018-12-26 03:00:00,18453.893
2018-12-26 06:00:00,10514.524
2018-12-26 09:00:00,8798.374
2018-12-26 12:00:00,15271.651
2018-12-26 15:00:00,15737.516
2018-12-26 18:00:00,19483.658
2018-12-26 21:00:00,16953.648
2018-12-27 00:00:00,17413.05
2018-12-27 03:00:00,16288.894
2018-12-27 06:00:00,11178.852
2018-12-27 09:00:00,9891.312
2018-12-27 12:00:00,13721.741
2018-12-27 15:00:00,17331.61
2018-12-27 18:00:00,17315.104
2018-12-27 21:00:00,17623.139
2018-12-28 00:00:00,16204.3955
2018-12-28 03:00:00,15015.086
2018-12-28 06:00:00,8820.136
2018-12-28 09:00:00,6679.533
2018-12-28 12:00:00,12591.035
2018-12-28 15:00:00,13927.002
2018-12-28 18:00:00,14883.195
2018-12-28 21:00:00,15661.492
2018-12-29 00:00:00,12850.697
2018-12-29 03:00:00,10943.755
2018-12-29 06:00:00,5776.602
2018-12-29 09:00:00,4377.035
2018-12-29 12:00:00,5708.4224
2018-12-29 15:00:00,9105.441
2018-12-29 18:00:00,10959.014
2018-12-29 21:00:00,9555.925
2018-12-30 00:00:00,11190.295
2018-12-30 03:00:00,11222.063
2018-12-30 06:00:00,5748.9155
2018-12-30 09:00:00,3277.367
2018-12-30 12:00:00,6357.026
2018-12-30 15:00:00,8904.181
2018-12-30 18:00:00,10906.351
2018-12-30 21:00:00,9100.838
2018-12-31 00:00:00,12174.4
2018-12-31 03:00:00,12935.07
2018-12-31 06:00:00,4837.5737
2018-12-31 09:00:00,3547.292
2018-12-31 12:00:00,3242.519
2018-12-31 15:00:00,6361.486
2018-12-31 18:00:00,11337.345
2018-12-31 21:00:00,9046.625
